objectid,id,nom,arrond,type
1,003-0058,aire de jeu 18 mois à 5 ans,le plateau-mont-royal,aire de jeu - enfant
2,003-0065,aire de jeu 18 mois à 5 ans,le plateau-mont-royal,aire de jeu - enfant
3,003-0053,aire de jeu 18 mois à 5 ans,le plateau-mont-royal,aire de jeu - enfant
4,073-0003,soccer à 11,saint-laurent,sportif
5,003-0046,aire de jeu 18 mois à 5 ans,le plateau-mont-royal,aire de jeu - enfant
6,075-0080,soccer à 4-5,rivière-des-prairies-pointe-aux-trembles,sportif
7,075-0079,soccer à 4-5,rivière-des-prairies-pointe-aux-trembles,sportif
8,042-0149,jeux d'eau,rivière-des-prairies-pointe-aux-trembles,récréatif
9,049-0030,pastille - basketball,rivière-des-prairies-pointe-aux-trembles,récréatif
10,072-0033,anneau / rond de glace,rivière-des-prairies-pointe-aux-trembles,loisirs et détente
11,065-0017,patinoire 4 saisons,rivière-des-prairies-pointe-aux-trembles,récréatif
12,003-0510,aire de jeu 18 mois à 5 ans,rivière-des-prairies-pointe-aux-trembles,aire de jeu - enfant
13,032-0012,fer / galet,rivière-des-prairies-pointe-aux-trembles,loisirs et détente
14,073-0029-76-s1,soccer sous-terrain à 7,villeray-saint-michel-parc-extension,sportif
15,073-0029-76-s2,soccer sous-terrain à 7,villeray-saint-michel-parc-extension,sportif
16,073-0057-76-s1,soccer sous-terrain à 7,côte-des-neiges-notre-dame-de-grâce,sportif
17,042-0148,jeux d'eau,rivière-des-prairies-pointe-aux-trembles,récréatif
18,001-0025,abri soleil,rivière-des-prairies-pointe-aux-trembles,plein air
19,003-0429,aire de jeu 18 mois à 5 ans,montréal-nord,aire de jeu - enfant
20,042-0150,jeux d'eau,rivière-des-prairies-pointe-aux-trembles,récréatif
21,003-0511,aire de jeu 18 mois à 5 ans,rivière-des-prairies-pointe-aux-trembles,aire de jeu - enfant
22,012-0022,aire d'entraînement pour adultes,le sud-ouest,loisirs et détente
23,004-0065,aire de jeu  5 à 12 ans,ahuntsic-cartierville,aire de jeu - enfant
24,081-0064,tennis,lasalle,sportif
25,042-0152,jeux d'eau,rivière-des-prairies-pointe-aux-trembles,récréatif
26,012-0061,aire d'entraînement pour adultes,rivière-des-prairies-pointe-aux-trembles,loisirs et détente
27,013-0050,aire d'exercice canin,rivière-des-prairies-pointe-aux-trembles,loisirs et détente
28,012-0060,aire d'entraînement pour adultes,rivière-des-prairies-pointe-aux-trembles,loisirs et détente
29,012-0062,aire d'entraînement pour adultes,rivière-des-prairies-pointe-aux-trembles,loisirs et détente
30,020-0024,belvédère,rivière-des-prairies-pointe-aux-trembles,loisirs et détente
31,062-0005,plancher de danse,rivière-des-prairies-pointe-aux-trembles,loisirs et détente
32,012-0063,aire d'entraînement pour adultes,rivière-des-prairies-pointe-aux-trembles,loisirs et détente
33,095-0104,pétanque,saint-léonard,loisirs et détente
34,095-0102,pétanque,le sud-ouest,loisirs et détente
35,095-0106,pétanque,ville-marie,loisirs et détente
36,062-0004,plancher de danse,rosemont-la petite-patrie,loisirs et détente
37,095-0103,pétanque,le sud-ouest,loisirs et détente
38,076-0157,soccer à 7,rivière-des-prairies-pointe-aux-trembles,sportif
39,075-0083,soccer à 4-5,rivière-des-prairies-pointe-aux-trembles,sportif
40,075-0082,soccer à 4-5,rivière-des-prairies-pointe-aux-trembles,sportif
41,075-0081,soccer à 4-5,rivière-des-prairies-pointe-aux-trembles,sportif
42,053-0078,patinoire sans bandes,rivière-des-prairies-pointe-aux-trembles,récréatif
43,042-0151,jeux d'eau,rivière-des-prairies-pointe-aux-trembles,récréatif
44,042-0153,jeux d'eau,rivière-des-prairies-pointe-aux-trembles,récréatif
45,001-0029,abri soleil,rivière-des-prairies-pointe-aux-trembles,plein air
46,056-0014,piste cyclable,l'île-bizard-sainte-geneviève,plein air
47,073-0012-76-s1,soccer sous-terrain à 7,ahuntsic-cartierville,sportif
48,076-0085,soccer à 7,lasalle,sportif
49,095-0107,pétanque,le plateau-mont-royal,loisirs et détente
50,002-0007,aire de glissade,saint-laurent,loisirs et détente
51,053-0090,patinoire sans bandes,rivière-des-prairies-pointe-aux-trembles,récréatif
52,009-0060,aire de pique-nique,villeray-saint-michel-parc-extension,plein air
53,042-0154,jeux d'eau,villeray-saint-michel-parc-extension,récréatif
54,003-0165,aire de jeu 18 mois à 5 ans,villeray-saint-michel-parc-extension,aire de jeu - enfant
55,009-0059,aire de pique-nique,villeray-saint-michel-parc-extension,plein air
56,009-0061,aire de pique-nique,villeray-saint-michel-parc-extension,plein air
57,032-0020,fer / galet,anjou,loisirs et détente
58,003-0305,aire de jeu 18 mois à 5 ans,verdun,aire de jeu - enfant
59,053-0013,patinoire sans bandes,ahuntsic-cartierville,récréatif
60,012-0064,aire d'entraînement pour adultes,villeray-saint-michel-parc-extension,loisirs et détente
61,073-0104-76-s2,soccer sous-terrain à 7,anjou,sportif
62,073-0001-76-s2,soccer sous-terrain à 7,saint-laurent,sportif
63,073-0009-76-s1,soccer sous-terrain à 7,le plateau-mont-royal,sportif
64,073-0012-76-s2,soccer sous-terrain à 7,ahuntsic-cartierville,sportif
65,073-0013-76-s1,soccer sous-terrain à 7,ahuntsic-cartierville,sportif
66,073-0009-76-s2,soccer sous-terrain à 7,le plateau-mont-royal,sportif
67,073-0011-76-s1,soccer sous-terrain à 7,ahuntsic-cartierville,sportif
68,073-0011-76-s2,soccer sous-terrain à 7,ahuntsic-cartierville,sportif
69,073-0017-76-s1,soccer sous-terrain à 7,ahuntsic-cartierville,sportif
70,004-0455,aire de jeu  5 à 12 ans,villeray-saint-michel-parc-extension,aire de jeu - enfant
71,073-0017-76-s2,soccer sous-terrain à 7,ahuntsic-cartierville,sportif
72,073-0027-76-s2,soccer sous-terrain à 7,rosemont-la petite-patrie,sportif
73,073-0030-76-s2,soccer sous-terrain à 7,villeray-saint-michel-parc-extension,sportif
74,073-0035-76-s1,soccer sous-terrain à 7,villeray-saint-michel-parc-extension,sportif
75,073-0037-76-s1,soccer sous-terrain à 7,outremont,sportif
76,073-0038-76-s1,soccer sous-terrain à 7,ville-marie,sportif
77,073-0038-76-s2,soccer sous-terrain à 7,ville-marie,sportif
78,073-0046-76-s1,soccer sous-terrain à 7,pierrefonds-roxboro,sportif
79,073-0050-76-s1,soccer sous-terrain à 7,l'île-bizard-sainte-geneviève,sportif
80,073-0050-76-s2,soccer sous-terrain à 7,l'île-bizard-sainte-geneviève,sportif
81,073-0051-76-s1,soccer sous-terrain à 7,l'île-bizard-sainte-geneviève,sportif
82,073-0055-76-s1,soccer sous-terrain à 7,côte-des-neiges-notre-dame-de-grâce,sportif
83,073-0062-76-s1,soccer sous-terrain à 7,verdun,sportif
84,073-0063-76-s2,soccer sous-terrain à 7,verdun,sportif
85,073-0064-76-s1,soccer sous-terrain à 7,verdun,sportif
86,073-0077-76-s2,soccer sous-terrain à 7,rivière-des-prairies-pointe-aux-trembles,sportif
87,073-0079-76-s2,soccer sous-terrain à 7,rivière-des-prairies-pointe-aux-trembles,sportif
88,073-0080-76-s1,soccer sous-terrain à 7,rivière-des-prairies-pointe-aux-trembles,sportif
89,073-0080-76-s2,soccer sous-terrain à 7,rivière-des-prairies-pointe-aux-trembles,sportif
90,073-0086-76-s1,soccer sous-terrain à 7,montréal-nord,sportif
91,073-0086-76-s2,soccer sous-terrain à 7,montréal-nord,sportif
92,073-0094-76-s1,soccer sous-terrain à 7,mercier-hochelaga-maisonneuve,sportif
93,073-0094-76-s2,soccer sous-terrain à 7,mercier-hochelaga-maisonneuve,sportif
94,018-0055,basketball,outremont,récréatif
95,073-0024-75-s2,soccer sous-terrain à 4-5,lachine,sportif
96,073-0024-75-s3,soccer sous-terrain à 4-5,lachine,sportif
97,076-0141-75-s1,soccer sous-terrain à 4-5,anjou,sportif
98,074-0002-76-s2,soccer sous-terrain à 7,saint-laurent,sportif
99,074-0005-76-s2,soccer sous-terrain à 7,ahuntsic-cartierville,sportif
100,074-0006-76-s2,soccer sous-terrain à 7,ahuntsic-cartierville,sportif
101,074-0007-76-s1,soccer sous-terrain à 7,ahuntsic-cartierville,sportif
102,074-0009-76-s1,soccer sous-terrain à 7,villeray-saint-michel-parc-extension,sportif
103,074-0009-76-s2,soccer sous-terrain à 7,villeray-saint-michel-parc-extension,sportif
104,074-0010-76-s2,soccer sous-terrain à 7,outremont,sportif
105,074-0014-76-s1,soccer sous-terrain à 7,l'île-bizard-sainte-geneviève,sportif
106,074-0014-76-s2,soccer sous-terrain à 7,l'île-bizard-sainte-geneviève,sportif
107,074-0016-76-s1,soccer sous-terrain à 7,côte-des-neiges-notre-dame-de-grâce,sportif
108,074-0025-76-s1,soccer sous-terrain à 7,rivière-des-prairies-pointe-aux-trembles,sportif
109,074-0026-76-s1,soccer sous-terrain à 7,rivière-des-prairies-pointe-aux-trembles,sportif
110,074-0026-76-s2,soccer sous-terrain à 7,rivière-des-prairies-pointe-aux-trembles,sportif
111,074-0030-76-s2,soccer sous-terrain à 7,saint-léonard,sportif
112,054-0023,ping-pong,villeray-saint-michel-parc-extension,loisirs et détente
113,077-0004-75-s1,soccer sous-terrain à 4-5,côte-des-neiges-notre-dame-de-grâce,sportif
114,077-0004-75-s2,soccer sous-terrain à 4-5,côte-des-neiges-notre-dame-de-grâce,sportif
115,076-0160,soccer à 7,saint-laurent,sportif
116,018-0005,basketball,saint-laurent,récréatif
117,042-0002,jeux d'eau,saint-laurent,récréatif
118,042-0155,jeux d'eau,montréal-nord,récréatif
119,042-0145,jeux d'eau,ville-marie,récréatif
120,042-0104,jeux d'eau,le sud-ouest,récréatif
121,075-0074,soccer à 4-5,saint-léonard,sportif
122,075-0077,soccer à 4-5,saint-léonard,sportif
123,075-0075,soccer à 4-5,saint-léonard,sportif
124,003-0009,aire de jeu 18 mois à 5 ans,saint-laurent,aire de jeu - enfant
125,004-0008,aire de jeu  5 à 12 ans,saint-laurent,aire de jeu - enfant
126,003-0512,aire de jeu 18 mois à 5 ans,saint-laurent,aire de jeu - enfant
127,042-0158,jeux d'eau,ville-marie,récréatif
128,037-0009,grève / plage,verdum,plein air
129,063-0019,quai,ville-marie,plein air
130,055-0039,piscine extérieure,verdun,récréatif
131,073-0014,soccer à 11,ahuntsic-cartierville,sportif
132,003-0124,aire de jeu 18 mois à 5 ans,rosemont-la petite-patrie,aire de jeu - enfant
133,095-0108,pétanque,le sud-ouest,loisirs et détente
134,076-0018-75-s2,soccer sous-terrain à 4-5,ahuntsic-cartierville,sportif
135,042-0157,jeux d'eau,lachine,récréatif
136,100-0001,sentier multifonctionnel,ville-marie,plein air
137,004-0456,aire de jeu  5 à 12 ans,saint-laurent,aire de jeu - enfant
138,067-0018,scène,ville-marie,loisirs et détente
139,003-0119,aire de jeu 18 mois à 5 ans,rosemont-la petite-patrie,aire de jeu - enfant
140,002-0035,aire de glissade,ville-marie,loisirs et détente
141,073-0052-76-s2,soccer sous-terrain à 7,côte-des-neiges-notre-dame-de-grâce,sportif
142,020-0025,belvédère,côte-des-neiges-notre-dame-de-grâce,loisirs et détente
143,020-0026,belvédère,côte-des-neiges-notre-dame-de-grâce,loisirs et détente
144,100-0002,sentier multifonctionnel,ville-marie,plein air
145,073-0052-76-s1,soccer sous-terrain à 7,côte-des-neiges-notre-dame-de-grâce,sportif
146,004-0354,aire de jeu  5 à 12 ans,rivière-des-prairies-pointe-aux-trembles,aire de jeu - enfant
147,003-0125,aire de jeu 18 mois à 5 ans,rosemont-la petite-patrie,aire de jeu - enfant
148,003-0282,aire de jeu 18 mois à 5 ans,côte-des-neiges-notre-dame-de-grâce,aire de jeu - enfant
149,100-0003,sentier multifonctionnel,villeray-saint-michel-parc-extension,plein air
150,076-0158,soccer à 7,côte-des-neiges-notre-dame-de-grâce,sportif
151,037-0005,grève / plage,pierrefonds-roxboro,plein air
152,024-0002,canöe / kayak,pierrefonds-roxboro,plein air
153,020-0027,belvédère,lasalle,loisirs et détente
154,101-0001,arboretum,lachine,loisirs et détente
155,009-0062,aire de pique-nique,lachine,plein air
156,081-0103,tennis,montréal-nord,sportif
157,042-0159,jeux d'eau,montréal-nord,récréatif
158,095-0109,pétanque,montréal-nord,loisirs et détente
159,003-0513,aire de jeu 18 mois à 5 ans,lachine,aire de jeu - enfant
160,004-0457,aire de jeu  5 à 12 ans,lachine,aire de jeu - enfant
161,056-0018,piste cyclable,lachine,plein air
162,070-0033,sentier de ski de fond,lachine,plein air
163,042-0144,jeux d'eau,côte-des-neiges-notre-dame-de-grâce,récréatif
164,050-0068,pataugeoire,montréal-nord,récréatif
165,005-0014,aire de jeu combiné,pierrefonds-roxboro,aire de jeu - enfant
166,003-0279,aire de jeu 18 mois à 5 ans,côte-des-neiges-notre-dame-de-grâce,aire de jeu - enfant
167,075-0049,soccer à 4-5,côte-des-neiges-notre-dame-de-grâce,sportif
168,075-0050,soccer à 4-5,côte-des-neiges-notre-dame-de-grâce,sportif
169,073-0057,soccer à 11,côte-des-neiges-notre-dame-de-grâce,sportif
170,075-0091,soccer à 4-5,saint-laurent,sportif
171,073-0057-77-s2,soccer sous-terrain à 9,côte-des-neiges-notre-dame-de-grâce,sportif
172,075-0084,soccer à 4-5,côte-des-neiges-notre-dame-de-grâce,sportif
173,075-0086,soccer à 4-5,côte-des-neiges-notre-dame-de-grâce,sportif
174,001-0030,abri soleil,lasalle,plein air
175,075-0085,soccer à 4-5,côte-des-neiges-notre-dame-de-grâce,sportif
176,066-0002,rugby / soccer à 11,rosemont-la petite-patrie,sportif
177,081-0104,tennis,côte-des-neiges-notre-dame-de-grâce,sportif
178,049-0031,pastille - basketball,côte-des-neiges-notre-dame-de-grâce,récréatif
179,018-0048,basketball,villeray-saint-michel-parc-extension,récréatif
180,073-0051-76-s2,soccer sous-terrain à 7,l'île-bizard-sainte-geneviève,sportif
181,042-0160,jeux d'eau,côte-des-neiges-notre-dame-de-grâce,récréatif
182,009-0063,aire de pique-nique,côte-des-neiges-notre-dame-de-grâce,plein air
183,071-0064,sentier pédestre,côte-des-neiges-notre-dame-de-grâce,plein air
184,089-0063,volleyball de plage,côte-des-neiges-notre-dame-de-grâce,récréatif
185,018-0143,basketball,côte-des-neiges-notre-dame-de-grâce,sportif
186,009-0064,aire de pique-nique,côte-des-neiges-notre-dame-de-grâce,plein air
187,089-0064,volleyball de plage,côte-des-neiges-notre-dame-de-grâce,récréatif
188,053-0091,patinoire sans bandes,côte-des-neiges-notre-dame-de-grâce,récréatif
189,073-0110,soccer à 11,saint-laurent,sportif
190,075-0087,soccer à 4-5,saint-laurent,sportif
191,075-0088,soccer à 4-5,saint-laurent,sportif
192,064-0013,rampe de mise à l'eau / descente de bateaux,rivière-des-prairies-pointe-aux-trembles,plein air
193,075-0089,soccer à 4-5,saint-laurent,sportif
194,075-0090,soccer à 4-5,saint-laurent,sportif
195,075-0092,soccer à 4-5,saint-laurent,sportif
196,004-0458,aire de jeu  5 à 12 ans,saint-laurent,aire de jeu - enfant
197,067-0019,scène,saint-laurent,loisirs et détente
198,071-0065,sentier pédestre,saint-laurent,plein air
199,005-0042,aire de jeu combiné,saint-laurent,aire de jeu - enfant
200,001-0032,abri soleil,saint-laurent,plein air
201,097-0003,fontaine,ville-marie,loisirs et détente
202,097-0002,fontaine,ville-marie,loisirs et détente
203,097-0004,fontaine,saint-laurent,loisirs et détente
204,003-0284,aire de jeu 18 mois à 5 ans,côte-des-neiges-notre-dame-de-grâce,aire de jeu - enfant
205,003-0121,aire de jeu 18 mois à 5 ans,rosemont-la petite-patrie,aire de jeu - enfant
206,002-0012,aire de glissade,lachine,loisirs et détente
207,031-0018,étang / lac,saint-laurent,plein air
208,031-0019,étang / lac,saint-laurent,plein air
209,009-0065,aire de pique-nique,le sud-ouest,plein air
210,009-0066,aire de pique-nique,le sud-ouest,plein air
211,009-0067,aire de pique-nique,le sud-ouest,plein air
212,009-0068,aire de pique-nique,villeray-saint-michel-parc-extension,plein air
213,020-0028,belvédère,villeray-saint-michel-parc-extension,loisirs et détente
214,020-0029,belvédère,villeray-saint-michel-parc-extension,loisirs et détente
215,009-0069,aire de pique-nique,villeray-saint-michel-parc-extension,plein air
216,020-0030,belvédère,villeray-saint-michel-parc-extension,loisirs et détente
217,070-0017,sentier de ski de fond,villeray-saint-michel-parc-extension,plein air
218,004-0319,aire de jeu  5 à 12 ans,le sud-ouest,aire de jeu - enfant
219,003-0233,aire de jeu 18 mois à 5 ans,saint-laurent,aire de jeu - enfant
220,020-0031,belvédère,villeray-saint-michel-parc-extension,loisirs et détente
221,020-0032,belvédère,villeray-saint-michel-parc-extension,loisirs et détente
222,003-0514,aire de jeu 18 mois à 5 ans,le sud-ouest,aire de jeu - enfant
223,009-0070,aire de pique-nique,villeray-saint-michel-parc-extension,plein air
224,042-0161,jeux d'eau,villeray-saint-michel-parc-extension,récréatif
225,003-0515,aire de jeu 18 mois à 5 ans,villeray-saint-michel-parc-extension,aire de jeu - enfant
226,102-0001,piste d'athlétisme (100m) et équipements,rivière-des-prairies-pointe-aux-trembles,sportif
227,075-0095,soccer à 4-5,rivière-des-prairies-pointe-aux-trembles,sportif
228,001-0033,abri soleil,villeray-saint-michel-parc-extension,plein air
229,075-0096,soccer à 4-5,rivière-des-prairies-pointe-aux-trembles,sportif
230,003-0494,aire de jeu 18 mois à 5 ans,anjou,aire de jeu - enfant
231,073-0051,soccer à 11,l'île-bizard-sainte-geneviève,sportif
232,053-0092,patinoire sans bandes,rivière-des-prairies-pointe-aux-trembles,récréatif
233,100-0005,sentier multifonctionnel,mercier-hochelaga-maisonneuve,plein air
234,009-0071,aire de pique-nique,mercier-hochelaga-maisonneuve,plein air
235,074-0021-76-s1,soccer sous-terrain à 7,verdun,sportif
236,067-0020,scène,lasalle,loisirs et détente
237,081-0102,tennis,saint-léonard,sportif
238,003-0281,aire de jeu 18 mois à 5 ans,côte-des-neiges-notre-dame-de-grâce,aire de jeu - enfant
239,056-0019,piste cyclable,lasalle,plein air
240,020-0034,belvédère,lasalle,loisirs et détente
241,063-0020,quai,lasalle,plein air
242,073-0084-76-s1,soccer sous-terrain à 7,rivière-des-prairies-pointe-aux-trembles,sportif
243,073-0084-76-s2,soccer sous-terrain à 7,rivière-des-prairies-pointe-aux-trembles,sportif
244,003-0516,aire de jeu 18 mois à 5 ans,villeray-saint-michel-parc-extension,aire de jeu - enfant
245,009-0072,aire de pique-nique,villeray-saint-michel-parc-extension,plein air
246,042-0162,jeux d'eau,villeray-saint-michel-parc-extension,récréatif
247,009-0073,aire de pique-nique,villeray-saint-michel-parc-extension,plein air
248,074-0024-76-s1,soccer sous-terrain à 7,rivière-des-prairies-pointe-aux-trembles,sportif
249,074-0024-76-s2,soccer sous-terrain à 7,rivière-des-prairies-pointe-aux-trembles,sportif
250,067-0015,scène,anjou,loisirs et détente
251,018-0049,basketball,villeray-saint-michel-parc-extension,récréatif
252,001-0035,abri soleil,mercier-hochelaga-maisonneuve,plein air
253,053-0093,patinoire sans bandes,villeray-saint-michel-parc-extension,récréatif
254,009-0074,aire de pique-nique,rosemont-la petite-patrie,plein air
255,009-0075,aire de pique-nique,rosemont-la petite-patrie,plein air
256,065-0015,patinoire 4 saisons,le sud-ouest,récréatif
257,004-0171,aire de jeu  5 à 12 ans,ville-marie,aire de jeu - enfant
258,003-0517,aire de jeu 18 mois à 5 ans,ville-marie,aire de jeu - enfant
259,004-0462,aire de jeu  5 à 12 ans,ville-marie,aire de jeu - enfant
260,012-0065,aire d'entraînement pour adultes,ville-marie,loisirs et détente
261,054-0024,ping-pong,ville-marie,loisirs et détente
262,089-0065,volleyball de plage,rivière-des-prairies-pointe-aux-trembles,récréatif
263,003-0518,aire de jeu 18 mois à 5 ans,ville-marie,aire de jeu - enfant
264,012-0066,aire d'entraînement pour adultes,ville-marie,loisirs et détente
265,054-0025,ping-pong,villeray-saint-michel-parc-extension,loisirs et détente
266,009-0076,aire de pique-nique,villeray-saint-michel-parc-extension,plein air
267,053-0094,patinoire sans bandes,villeray-saint-michel-parc-extension,récréatif
268,042-0163,jeux d'eau,villeray-saint-michel-parc-extension,récréatif
269,075-0097,soccer à 4-5,villeray-saint-michel-parc-extension,sportif
270,076-0076,soccer à 7,verdun,sportif
271,071-0036,sentier pédestre,pierrefonds-roxboro,plein air
272,073-0081-76-s1,soccer sous-terrain à 7,rivière-des-prairies-pointe-aux-trembles,sportif
273,073-0081-76-s2,soccer sous-terrain à 7,rivière-des-prairies-pointe-aux-trembles,sportif
274,073-0081,soccer à 11,rivière-des-prairies-pointe-aux-trembles,sportif
275,065-0018,patinoire 4 saisons,mercier-hochelaga-maisonneuve,récréatif
276,042-0164,jeux d'eau,mercier-hochelaga-maisonneuve,récréatif
277,042-0165,jeux d'eau,mercier-hochelaga-maisonneuve,récréatif
278,009-0077,aire de pique-nique,mercier-hochelaga-maisonneuve,plein air
279,009-0078,aire de pique-nique,mercier-hochelaga-maisonneuve,plein air
280,003-0156,aire de jeu 18 mois à 5 ans,villeray-saint-michel-parc-extension,aire de jeu - enfant
281,012-0025,aire d'entraînement pour adultes,rivière-des-prairies-pointe-aux-trembles,loisirs et détente
282,042-0166,jeux d'eau,outremont,récréatif
283,097-0006,fontaine,mercier-hochelaga-maisonneuve,loisirs et détente
284,095-0112,pétanque,mercier-hochelaga-maisonneuve,loisirs et détente
285,004-0464,aire de jeu  5 à 12 ans,mercier-hochelaga-maisonneuve,aire de jeu - enfant
286,066-0004,rugby / soccer à 11,mercier-hochelaga-maisonneuve,sportif
287,009-0079,aire de pique-nique,mercier-hochelaga-maisonneuve,plein air
288,012-0067,aire d'entraînement pour adultes,mercier-hochelaga-maisonneuve,loisirs et détente
289,001-0023,abri soleil,anjou,plein air
290,001-0021,abri soleil,mercier-hochelaga-maisonneuve,plein air
291,001-0034,abri soleil,mercier-hochelaga-maisonneuve,plein air
292,001-0019,abri soleil,montréal-nord,plein air
293,001-0015,abri soleil,rivière-des-prairies-pointe-aux-trembles,plein air
294,001-0028,abri soleil,rivière-des-prairies-pointe-aux-trembles,plein air
295,001-0002,abri soleil,saint-laurent,plein air
296,001-0008,abri soleil,lachine,plein air
297,009-0080,aire de pique-nique,mercier-hochelaga-maisonneuve,plein air
298,001-0007,abri soleil,le plateau-mont-royal,plein air
299,001-0027,abri soleil,rivière-des-prairies-pointe-aux-trembles,plein air
300,001-0031,abri soleil,saint-laurent,plein air
301,001-0026,abri soleil,rivière-des-prairies-pointe-aux-trembles,plein air
302,001-0036,abri soleil,lasalle,plein air
303,097-0007,fontaine,mercier-hochelaga-maisonneuve,loisirs et détente
304,009-0081,aire de pique-nique,mercier-hochelaga-maisonneuve,plein air
305,054-0026,ping-pong,mercier-hochelaga-maisonneuve,loisirs et détente
306,009-0082,aire de pique-nique,mercier-hochelaga-maisonneuve,plein air
307,054-0027,ping-pong,mercier-hochelaga-maisonneuve,loisirs et détente
308,003-0480,aire de jeu 18 mois à 5 ans,mercier-hochelaga-maisonneuve,aire de jeu - enfant
309,003-0247,aire de jeu 18 mois à 5 ans,l'île-bizard-sainte-geneviève,aire de jeu - enfant
310,016-0082,balle,pierrefonds-roxboro,sportif
311,013-0051,aire d'exercice canin,mercier-hochelaga-maisonneuve,loisirs et détente
312,095-0114,pétanque,mercier-hochelaga-maisonneuve,loisirs et détente
313,012-0068,aire d'entraînement pour adultes,mercier-hochelaga-maisonneuve,loisirs et détente
314,013-0044,aire d'exercice canin,anjou,loisirs et détente
315,004-0303,aire de jeu  5 à 12 ans,lasalle,aire de jeu - enfant
316,075-0014,soccer à 4-5,lachine,sportif
317,052-0033,patinoire avec bandes,lachine,récréatif
318,076-0141-75-s2,soccer sous-terrain à 4-5,anjou,sportif
319,095-0051,pétanque,lasalle,loisirs et détente
320,003-0262,aire de jeu 18 mois à 5 ans,l'île-bizard-sainte-geneviève,aire de jeu - enfant
321,076-0043,soccer à 7,ville-marie,sportif
322,081-0043,tennis,pierrefonds-roxboro,sportif
323,004-0175,aire de jeu  5 à 12 ans,ville-marie,aire de jeu - enfant
324,076-0104,soccer à 7,rivière-des-prairies-pointe-aux-trembles,sportif
325,013-0031,aire d'exercice canin,le sud-ouest,loisirs et détente
326,053-0051,patinoire sans bandes,côte-des-neiges-notre-dame-de-grâce,récréatif
327,004-0339,aire de jeu  5 à 12 ans,rivière-des-prairies-pointe-aux-trembles,aire de jeu - enfant
328,052-0034,patinoire avec bandes,lachine,récréatif
329,073-0063,soccer à 11,verdun,sportif
330,012-0058,aire d'entraînement pour adultes,rosemont-la petite-patrie,loisirs et détente
331,081-0059,tennis,verdun,sportif
332,053-0054,patinoire sans bandes,côte-des-neiges-notre-dame-de-grâce,récréatif
333,050-0091,pataugeoire,anjou,récréatif
334,004-0299,aire de jeu  5 à 12 ans,lasalle,aire de jeu - enfant
335,003-0140,aire de jeu 18 mois à 5 ans,rosemont-la petite-patrie,aire de jeu - enfant
336,049-0013,pastille - basketball,outremont,récréatif
337,076-0041,soccer à 7,villeray-saint-michel-parc-extension,sportif
338,031-0015,étang / lac,anjou,plein air
339,004-0059,aire de jeu  5 à 12 ans,ahuntsic-cartierville,aire de jeu - enfant
340,095-0072,pétanque,montréal-nord,loisirs et détente
341,056-0001,piste cyclable,saint-laurent,plein air
342,055-0064,piscine extérieure,mercier-hochelaga-maisonneuve,récréatif
343,018-0071,basketball,pierrefonds-roxboro,récréatif
344,064-0008,rampe de mise à l'eau / descente de bateaux,pierrefonds-roxboro,plein air
345,016-0157,balle,saint-léonard,sportif
346,020-0001,belvédère,le plateau-mont-royal,loisirs et détente
347,055-0062,piscine extérieure,montréal-nord,récréatif
348,004-0220,aire de jeu  5 à 12 ans,pierrefonds-roxboro,aire de jeu - enfant
349,022-0002,boisé,verdun,plein air
350,063-0014,quai,rivière-des-prairies-pointe-aux-trembles,plein air
351,016-0099,balle,verdun,sportif
352,050-0018,pataugeoire,ahuntsic-cartierville,récréatif
353,010-0024,aire de planche à roulette,rivière-des-prairies-pointe-aux-trembles,récréatif
354,004-0180,aire de jeu  5 à 12 ans,pierrefonds-roxboro,aire de jeu - enfant
355,089-0018,volleyball de plage,ahuntsic-cartierville,récréatif
356,003-0440,aire de jeu 18 mois à 5 ans,montréal-nord,aire de jeu - enfant
357,004-0422,aire de jeu  5 à 12 ans,mercier-hochelaga-maisonneuve,aire de jeu - enfant
358,070-0001,sentier de ski de fond,saint-laurent,plein air
359,076-0069,soccer à 7,côte-des-neiges-notre-dame-de-grâce,sportif
360,052-0065,patinoire avec bandes,pierrefonds-roxboro,récréatif
361,070-0021,sentier de ski de fond,pierrefonds-roxboro,plein air
362,095-0042,pétanque,ville-marie,loisirs et détente
363,070-0025,sentier de ski de fond,côte-des-neiges-notre-dame-de-grâce,plein air
364,016-0131,balle,montréal-nord,sportif
365,003-0134,aire de jeu 18 mois à 5 ans,rosemont-la petite-patrie,aire de jeu - enfant
366,004-0447,aire de jeu  5 à 12 ans,saint-léonard,aire de jeu - enfant
367,081-0003,tennis,saint-laurent,sportif
368,042-0044,jeux d'eau,villeray-saint-michel-parc-extension,récréatif
369,070-0023,sentier de ski de fond,l'île-bizard-sainte-geneviève,plein air
370,073-0066-76-s1,soccer sous-terrain à 7,lasalle,sportif
371,003-0382,aire de jeu 18 mois à 5 ans,rivière-des-prairies-pointe-aux-trembles,aire de jeu - enfant
372,042-0039,jeux d'eau,villeray-saint-michel-parc-extension,récréatif
373,052-0126,patinoire avec bandes,anjou,récréatif
374,007-0001,aire de lancer athlétisme,rosemont-la petite-patrie,sportif
375,003-0194,aire de jeu 18 mois à 5 ans,ville-marie,aire de jeu - enfant
376,075-0020,soccer à 4-5,lachine,sportif
377,042-0133,jeux d'eau,anjou,récréatif
378,031-0009,étang / lac,outremont,plein air
379,052-0060,patinoire avec bandes,ville-marie,récréatif
380,049-0006,pastille - basketball,ahuntsic-cartierville,récréatif
381,003-0215,aire de jeu 18 mois à 5 ans,pierrefonds-roxboro,aire de jeu - enfant
382,032-0008,fer / galet,rosemont-la petite-patrie,loisirs et détente
383,004-0407,aire de jeu  5 à 12 ans,mercier-hochelaga-maisonneuve,aire de jeu - enfant
384,095-0009,pétanque,le plateau-mont-royal,loisirs et détente
385,073-0030-76-s1,soccer sous-terrain à 7,villeray-saint-michel-parc-extension,sportif
386,089-0049,volleyball de plage,rivière-des-prairies-pointe-aux-trembles,récréatif
387,018-0134,basketball,anjou,récréatif
388,073-0079-76-s1,soccer sous-terrain à 7,rivière-des-prairies-pointe-aux-trembles,sportif
389,052-0094,patinoire avec bandes,lasalle,récréatif
390,004-0308,aire de jeu  5 à 12 ans,le sud-ouest,aire de jeu - enfant
391,003-0137,aire de jeu 18 mois à 5 ans,rosemont-la petite-patrie,aire de jeu - enfant
392,002-0011,aire de glissade,ahuntsic-cartierville,loisirs et détente
393,075-0094,soccer à 4-5,rivière-des-prairies-pointe-aux-trembles,sportif
394,003-0218,aire de jeu 18 mois à 5 ans,pierrefonds-roxboro,aire de jeu - enfant
395,049-0002,pastille - basketball,saint-laurent,récréatif
396,050-0033,pataugeoire,rosemont-la petite-patrie,récréatif
397,009-0007,aire de pique-nique,saint-laurent,plein air
398,018-0075,basketball,l'île-bizard-sainte-geneviève,récréatif
399,001-0024,abri soleil,anjou,plein air
400,071-0001,sentier pédestre,saint-laurent,plein air
401,003-0197,aire de jeu 18 mois à 5 ans,ville-marie,aire de jeu - enfant
402,001-0018,abri soleil,montréal-nord,plein air
403,012-0026,aire d'entraînement pour adultes,rivière-des-prairies-pointe-aux-trembles,loisirs et détente
404,013-0016,aire d'exercice canin,villeray-saint-michel-parc-extension,loisirs et détente
405,050-0087,pataugeoire,mercier-hochelaga-maisonneuve,récréatif
406,004-0327,aire de jeu  5 à 12 ans,le sud-ouest,aire de jeu - enfant
407,060-0001,piste de bmx,pierrefonds-roxboro,récréatif
408,053-0008,patinoire sans bandes,ahuntsic-cartierville,récréatif
409,053-0079,patinoire sans bandes,mercier-hochelaga-maisonneuve,récréatif
410,004-0143,aire de jeu  5 à 12 ans,villeray-saint-michel-parc-extension,aire de jeu - enfant
411,012-0004,aire d'entraînement pour adultes,saint-laurent,loisirs et détente
412,021-0008,bocce,ahuntsic-cartierville,loisirs et détente
413,076-0039,soccer à 7,villeray-saint-michel-parc-extension,sportif
414,003-0028,aire de jeu 18 mois à 5 ans,saint-laurent,aire de jeu - enfant
415,050-0040,pataugeoire,villeray-saint-michel-parc-extension,récréatif
416,003-0034,aire de jeu 18 mois à 5 ans,saint-laurent,aire de jeu - enfant
417,064-0018,rampe de mise à l'eau / descente de bateaux,rivière-des-prairies-pointe-aux-trembles,plein air
418,004-0166,aire de jeu  5 à 12 ans,ville-marie,aire de jeu - enfant
419,009-0018,aire de pique-nique,saint-laurent,plein air
420,018-0010,basketball,saint-laurent,récréatif
421,004-0134,aire de jeu  5 à 12 ans,villeray-saint-michel-parc-extension,aire de jeu - enfant
422,004-0144,aire de jeu  5 à 12 ans,villeray-saint-michel-parc-extension,aire de jeu - enfant
423,018-0060,basketball,ville-marie,récréatif
424,003-0417,aire de jeu 18 mois à 5 ans,rivière-des-prairies-pointe-aux-trembles,aire de jeu - enfant
425,081-0062,tennis,lasalle,sportif
426,004-0011,aire de jeu  5 à 12 ans,saint-laurent,aire de jeu - enfant
427,089-0011,volleyball de plage,le plateau-mont-royal,récréatif
428,004-0190,aire de jeu  5 à 12 ans,pierrefonds-roxboro,aire de jeu - enfant
429,042-0119,jeux d'eau,montréal-nord,récréatif
430,016-0058,balle,villeray-saint-michel-parc-extension,sportif
431,074-0030-76-s1,soccer sous-terrain à 7,saint-léonard,sportif
432,021-0064,bocce,saint-laurent,loisirs et détente
433,081-0097,tennis,saint-léonard,sportif
434,076-0081,soccer à 7,lasalle,sportif
435,074-0008-76-s2,soccer sous-terrain à 7,lachine,sportif
436,003-0508,aire de jeu 18 mois à 5 ans,le sud-ouest,aire de jeu - enfant
437,018-0061,basketball,ville-marie,récréatif
438,025-0001,ciné-parc,anjou,loisirs et détente
439,075-0028,soccer à 4-5,pierrefonds-roxboro,sportif
440,004-0009,aire de jeu  5 à 12 ans,saint-laurent,aire de jeu - enfant
441,021-0037,bocce,rivière-des-prairies-pointe-aux-trembles,loisirs et détente
442,076-0054,soccer à 7,pierrefonds-roxboro,sportif
443,003-0368,aire de jeu 18 mois à 5 ans,le sud-ouest,aire de jeu - enfant
444,018-0132,basketball,mercier-hochelaga-maisonneuve,récréatif
445,013-0002,aire d'exercice canin,saint-laurent,loisirs et détente
446,076-0079,soccer à 7,lasalle,sportif
447,073-0077-76-s1,soccer sous-terrain à 7,rivière-des-prairies-pointe-aux-trembles,sportif
448,002-0019,aire de glissade,ville-marie,loisirs et détente
449,020-0021,belvédère,rivière-des-prairies-pointe-aux-trembles,loisirs et détente
450,004-0332,aire de jeu  5 à 12 ans,rivière-des-prairies-pointe-aux-trembles,aire de jeu - enfant
451,075-0040,soccer à 4-5,pierrefonds-roxboro,sportif
452,075-0024,soccer à 4-5,villeray-saint-michel-parc-extension,sportif
453,031-0010,étang / lac,outremont,plein air
454,081-0033,tennis,outremont,sportif
455,067-0011,scène,côte-des-neiges-notre-dame-de-grâce,loisirs et détente
456,065-0009,patinoire 4 saisons,l'île-bizard-sainte-geneviève,récréatif
457,018-0115,basketball,montréal-nord,récréatif
458,050-0039,pataugeoire,villeray-saint-michel-parc-extension,récréatif
459,071-0019,sentier pédestre,lachine,plein air
460,003-0473,aire de jeu 18 mois à 5 ans,mercier-hochelaga-maisonneuve,aire de jeu - enfant
461,073-0104-76-s1,soccer sous-terrain à 7,anjou,sportif
462,071-0041,sentier pédestre,pierrefonds-roxboro,plein air
463,081-0023,tennis,rosemont-la petite-patrie,sportif
464,002-0002,aire de glissade,saint-laurent,loisirs et détente
465,072-0002,anneau / rond de glace,saint-laurent,loisirs et détente
466,022-0004,boisé,anjou,plein air
467,095-0029,pétanque,rosemont-la petite-patrie,loisirs et détente
468,095-0057,pétanque,le sud-ouest,loisirs et détente
469,036-0006,golf,verdun,sportif
470,064-0012,rampe de mise à l'eau / descente de bateaux,verdun,plein air
471,016-0155,balle,anjou,sportif
472,003-0441,aire de jeu 18 mois à 5 ans,montréal-nord,aire de jeu - enfant
473,020-0018,belvédère,verdun,loisirs et détente
474,003-0422,aire de jeu 18 mois à 5 ans,rivière-des-prairies-pointe-aux-trembles,aire de jeu - enfant
475,003-0398,aire de jeu 18 mois à 5 ans,rivière-des-prairies-pointe-aux-trembles,aire de jeu - enfant
476,073-0068,soccer à 11,lasalle,sportif
477,016-0053,balle,rosemont-la petite-patrie,sportif
478,004-0277,aire de jeu  5 à 12 ans,lasalle,aire de jeu - enfant
479,005-0036,aire de jeu combiné,saint-léonard,aire de jeu - enfant
480,077-0004,soccer à 9,côte-des-neiges-notre-dame-de-grâce,sportif
481,058-0019,piste d'athlétisme (400m) et équipements,mercier-hochelaga-maisonneuve,sportif
482,003-0291,aire de jeu 18 mois à 5 ans,côte-des-neiges-notre-dame-de-grâce,aire de jeu - enfant
483,004-0122,aire de jeu  5 à 12 ans,rosemont-la petite-patrie,aire de jeu - enfant
484,004-0159,aire de jeu  5 à 12 ans,ville-marie,aire de jeu - enfant
485,003-0088,aire de jeu 18 mois à 5 ans,ahuntsic-cartierville,aire de jeu - enfant
486,004-0436,aire de jeu  5 à 12 ans,anjou,aire de jeu - enfant
487,018-0095,basketball,lasalle,récréatif
488,034-0007,football,verdun,sportif
489,076-0094,soccer à 7,le sud-ouest,sportif
490,042-0021,jeux d'eau,ahuntsic-cartierville,récréatif
491,081-0045,tennis,pierrefonds-roxboro,sportif
492,052-0127,patinoire avec bandes,anjou,récréatif
493,003-0453,aire de jeu 18 mois à 5 ans,mercier-hochelaga-maisonneuve,aire de jeu - enfant
494,076-0143,soccer à 7,anjou,sportif
495,001-0012,abri soleil,l'île-bizard-sainte-geneviève,plein air
496,050-0063,pataugeoire,rivière-des-prairies-pointe-aux-trembles,récréatif
497,007-0002,aire de lancer athlétisme,lasalle,sportif
498,050-0038,pataugeoire,villeray-saint-michel-parc-extension,récréatif
499,095-0111,pétanque,mercier-hochelaga-maisonneuve,loisirs et détente
500,004-0416,aire de jeu  5 à 12 ans,mercier-hochelaga-maisonneuve,aire de jeu - enfant
501,012-0029,aire d'entraînement pour adultes,montréal-nord,loisirs et détente
502,031-0005,étang / lac,le plateau-mont-royal,plein air
503,018-0103,basketball,le sud-ouest,récréatif
504,003-0307,aire de jeu 18 mois à 5 ans,verdun,aire de jeu - enfant
505,089-0005,volleyball de plage,le plateau-mont-royal,récréatif
506,003-0245,aire de jeu 18 mois à 5 ans,pierrefonds-roxboro,aire de jeu - enfant
507,013-0007,aire d'exercice canin,le plateau-mont-royal,loisirs et détente
508,050-0012,pataugeoire,le plateau-mont-royal,récréatif
509,070-0031,sentier de ski de fond,mercier-hochelaga-maisonneuve,plein air
510,003-0044,aire de jeu 18 mois à 5 ans,le plateau-mont-royal,aire de jeu - enfant
511,073-0009,soccer à 11,le plateau-mont-royal,sportif
512,003-0145,aire de jeu 18 mois à 5 ans,villeray-saint-michel-parc-extension,aire de jeu - enfant
513,003-0496,aire de jeu 18 mois à 5 ans,saint-léonard,aire de jeu - enfant
514,003-0064,aire de jeu 18 mois à 5 ans,le plateau-mont-royal,aire de jeu - enfant
515,003-0062,aire de jeu 18 mois à 5 ans,le plateau-mont-royal,aire de jeu - enfant
516,034-0002,football,saint-laurent,sportif
517,003-0054,aire de jeu 18 mois à 5 ans,le plateau-mont-royal,aire de jeu - enfant
518,003-0502,aire de jeu 18 mois à 5 ans,saint-léonard,aire de jeu - enfant
519,016-0012,balle,le plateau-mont-royal,sportif
520,003-0045,aire de jeu 18 mois à 5 ans,le plateau-mont-royal,aire de jeu - enfant
521,095-0007,pétanque,le plateau-mont-royal,loisirs et détente
522,054-0003,ping-pong,le plateau-mont-royal,loisirs et détente
523,042-0015,jeux d'eau,le plateau-mont-royal,récréatif
524,081-0011,tennis,le plateau-mont-royal,sportif
525,050-0014,pataugeoire,le plateau-mont-royal,récréatif
526,016-0014,balle,le plateau-mont-royal,sportif
527,004-0055,aire de jeu  5 à 12 ans,le plateau-mont-royal,aire de jeu - enfant
528,075-0076,soccer à 4-5,saint-léonard,sportif
529,075-0025,soccer à 4-5,ville-marie,sportif
530,081-0094,tennis,saint-léonard,sportif
531,020-0009,belvédère,ahuntsic-cartierville,loisirs et détente
532,081-0008,tennis,saint-laurent,sportif
533,081-0054,tennis,côte-des-neiges-notre-dame-de-grâce,sportif
534,003-0023,aire de jeu 18 mois à 5 ans,saint-laurent,aire de jeu - enfant
535,021-0052,bocce,saint-léonard,loisirs et détente
536,003-0410,aire de jeu 18 mois à 5 ans,rivière-des-prairies-pointe-aux-trembles,aire de jeu - enfant
537,042-0137,jeux d'eau,saint-léonard,récréatif
538,050-0031,pataugeoire,rosemont-la petite-patrie,récréatif
539,018-0110,basketball,rivière-des-prairies-pointe-aux-trembles,récréatif
540,021-0054,bocce,saint-léonard,loisirs et détente
541,003-0409,aire de jeu 18 mois à 5 ans,rivière-des-prairies-pointe-aux-trembles,aire de jeu - enfant
542,016-0034,balle,ahuntsic-cartierville,sportif
543,064-0009,rampe de mise à l'eau / descente de bateaux,l'île-bizard-sainte-geneviève,plein air
544,003-0105,aire de jeu 18 mois à 5 ans,lachine,aire de jeu - enfant
545,009-0049,aire de pique-nique,montréal-nord,plein air
546,016-0123,balle,rivière-des-prairies-pointe-aux-trembles,sportif
547,004-0099,aire de jeu  5 à 12 ans,lachine,aire de jeu - enfant
548,081-0048,tennis,l'île-bizard-sainte-geneviève,sportif
549,056-0004,piste cyclable,ahuntsic-cartierville,plein air
550,081-0028,tennis,villeray-saint-michel-parc-extension,sportif
551,003-0270,aire de jeu 18 mois à 5 ans,côte-des-neiges-notre-dame-de-grâce,aire de jeu - enfant
552,012-0041,aire d'entraînement pour adultes,saint-léonard,loisirs et détente
553,016-0007,balle,saint-laurent,sportif
554,020-0011,belvédère,pierrefonds-roxboro,loisirs et détente
555,003-0381,aire de jeu 18 mois à 5 ans,rivière-des-prairies-pointe-aux-trembles,aire de jeu - enfant
556,076-0031,soccer à 7,rosemont-la petite-patrie,sportif
557,010-0013,aire de planche à roulette,ville-marie,récréatif
558,004-0228,aire de jeu  5 à 12 ans,côte-des-neiges-notre-dame-de-grâce,aire de jeu - enfant
559,070-0004,sentier de ski de fond,lachine,plein air
560,076-0135,soccer à 7,mercier-hochelaga-maisonneuve,sportif
561,049-0027,pastille - basketball,montréal-nord,récréatif
562,003-0158,aire de jeu 18 mois à 5 ans,villeray-saint-michel-parc-extension,aire de jeu - enfant
563,009-0014,aire de pique-nique,ville-marie,plein air
564,075-0004,soccer à 4-5,saint-laurent,sportif
565,042-0074,jeux d'eau,verdun,récréatif
566,075-0017,soccer à 4-5,lachine,sportif
567,012-0055,aire d'entraînement pour adultes,saint-léonard,loisirs et détente
568,004-0269,aire de jeu  5 à 12 ans,verdun,aire de jeu - enfant
569,003-0211,aire de jeu 18 mois à 5 ans,pierrefonds-roxboro,aire de jeu - enfant
570,003-0353,aire de jeu 18 mois à 5 ans,le sud-ouest,aire de jeu - enfant
571,013-0045,aire d'exercice canin,saint-léonard,loisirs et détente
572,003-0225,aire de jeu 18 mois à 5 ans,pierrefonds-roxboro,aire de jeu - enfant
573,049-0008,pastille - basketball,rosemont-la petite-patrie,récréatif
574,089-0060,volleyball de plage,ahuntsic-cartierville,récréatif
575,003-0061,aire de jeu 18 mois à 5 ans,le plateau-mont-royal,aire de jeu - enfant
576,003-0146,aire de jeu 18 mois à 5 ans,villeray-saint-michel-parc-extension,aire de jeu - enfant
577,004-0058,aire de jeu  5 à 12 ans,ahuntsic-cartierville,aire de jeu - enfant
578,073-0002,soccer à 11,saint-laurent,sportif
579,009-0047,aire de pique-nique,montréal-nord,plein air
580,003-0296,aire de jeu 18 mois à 5 ans,verdun,aire de jeu - enfant
581,072-0010,anneau / rond de glace,saint-laurent,loisirs et détente
582,012-0001,aire d'entraînement pour adultes,saint-laurent,loisirs et détente
583,003-0078,aire de jeu 18 mois à 5 ans,ahuntsic-cartierville,aire de jeu - enfant
584,004-0406,aire de jeu  5 à 12 ans,mercier-hochelaga-maisonneuve,aire de jeu - enfant
585,004-0149,aire de jeu  5 à 12 ans,villeray-saint-michel-parc-extension,aire de jeu - enfant
586,073-0098,soccer à 11,mercier-hochelaga-maisonneuve,sportif
587,016-0150,balle,anjou,sportif
588,081-0025,tennis,villeray-saint-michel-parc-extension,sportif
589,003-0326,aire de jeu 18 mois à 5 ans,lasalle,aire de jeu - enfant
590,021-0058,bocce,saint-léonard,loisirs et détente
591,016-0038,balle,lachine,sportif
592,003-0438,aire de jeu 18 mois à 5 ans,montréal-nord,aire de jeu - enfant
593,027-0004,cricket,villeray-saint-michel-parc-extension,sportif
594,018-0111,basketball,rivière-des-prairies-pointe-aux-trembles,récréatif
595,076-0119,soccer à 7,rivière-des-prairies-pointe-aux-trembles,sportif
596,089-0027,volleyball de plage,lachine,récréatif
597,037-0004,grève / plage,pierrefonds-roxboro,plein air
598,004-0085,aire de jeu  5 à 12 ans,lachine,aire de jeu - enfant
599,003-0386,aire de jeu 18 mois à 5 ans,rivière-des-prairies-pointe-aux-trembles,aire de jeu - enfant
600,053-0055,patinoire sans bandes,côte-des-neiges-notre-dame-de-grâce,récréatif
601,073-0027-76-s1,soccer sous-terrain à 7,rosemont-la petite-patrie,sportif
602,052-0015,patinoire avec bandes,le plateau-mont-royal,récréatif
603,076-0092,soccer à 7,le sud-ouest,sportif
604,003-0188,aire de jeu 18 mois à 5 ans,ville-marie,aire de jeu - enfant
605,004-0370,aire de jeu  5 à 12 ans,rivière-des-prairies-pointe-aux-trembles,aire de jeu - enfant
606,009-0052,aire de pique-nique,mercier-hochelaga-maisonneuve,plein air
607,073-0045,soccer à 11,pierrefonds-roxboro,sportif
608,016-0001,balle,saint-laurent,sportif
609,018-0007,basketball,saint-laurent,récréatif
610,042-0078,jeux d'eau,verdun,récréatif
611,042-0032,jeux d'eau,rosemont-la petite-patrie,récréatif
612,065-0011,patinoire 4 saisons,l'île-bizard-sainte-geneviève,récréatif
613,003-0128,aire de jeu 18 mois à 5 ans,rosemont-la petite-patrie,aire de jeu - enfant
614,089-0031,volleyball de plage,rosemont-la petite-patrie,récréatif
615,003-0412,aire de jeu 18 mois à 5 ans,rivière-des-prairies-pointe-aux-trembles,aire de jeu - enfant
616,055-0038,piscine extérieure,côte-des-neiges-notre-dame-de-grâce,récréatif
617,075-0015,soccer à 4-5,lachine,sportif
618,004-0372,aire de jeu  5 à 12 ans,rivière-des-prairies-pointe-aux-trembles,aire de jeu - enfant
619,050-0022,pataugeoire,lachine,récréatif
620,042-0026,jeux d'eau,ahuntsic-cartierville,récréatif
621,003-0239,aire de jeu 18 mois à 5 ans,pierrefonds-roxboro,aire de jeu - enfant
622,003-0375,aire de jeu 18 mois à 5 ans,le sud-ouest,aire de jeu - enfant
623,053-0084,patinoire sans bandes,mercier-hochelaga-maisonneuve,récréatif
624,002-0020,aire de glissade,ville-marie,loisirs et détente
625,008-0002,aire de pêche autorisée,ahuntsic-cartierville,plein air
626,003-0367,aire de jeu 18 mois à 5 ans,le sud-ouest,aire de jeu - enfant
627,003-0207,aire de jeu 18 mois à 5 ans,pierrefonds-roxboro,aire de jeu - enfant
628,073-0067,soccer à 11,lasalle,sportif
629,016-0110,balle,le sud-ouest,sportif
630,004-0025,aire de jeu  5 à 12 ans,saint-laurent,aire de jeu - enfant
631,042-0143,jeux d'eau,ville-marie,récréatif
632,004-0298,aire de jeu  5 à 12 ans,lasalle,aire de jeu - enfant
633,004-0067,aire de jeu  5 à 12 ans,ahuntsic-cartierville,aire de jeu - enfant
634,004-0056,aire de jeu  5 à 12 ans,ahuntsic-cartierville,aire de jeu - enfant
635,071-0056,sentier pédestre,mercier-hochelaga-maisonneuve,plein air
636,058-0014,piste d'athlétisme (400m) et équipements,le sud-ouest,sportif
637,055-0041,piscine extérieure,verdun,récréatif
638,055-0020,piscine extérieure,rosemont-la petite-patrie,récréatif
639,032-0006,fer / galet,rosemont-la petite-patrie,loisirs et détente
640,005-0023,aire de jeu combiné,l'île-bizard-sainte-geneviève,aire de jeu - enfant
641,075-0027,soccer à 4-5,pierrefonds-roxboro,sportif
642,003-0024,aire de jeu 18 mois à 5 ans,saint-laurent,aire de jeu - enfant
643,053-0089,patinoire sans bandes,le sud-ouest,récréatif
644,042-0098,jeux d'eau,lasalle,récréatif
645,027-0001,cricket,lasalle,sportif
646,052-0010,patinoire avec bandes,saint-laurent,récréatif
647,004-0092,aire de jeu  5 à 12 ans,lachine,aire de jeu - enfant
648,009-0042,aire de pique-nique,rivière-des-prairies-pointe-aux-trembles,plein air
649,012-0014,aire d'entraînement pour adultes,ville-marie,loisirs et détente
650,076-0093,soccer à 7,le sud-ouest,sportif
651,001-0016,abri soleil,montréal-nord,plein air
652,009-0050,aire de pique-nique,montréal-nord,plein air
653,089-0025,volleyball de plage,ahuntsic-cartierville,récréatif
654,003-0345,aire de jeu 18 mois à 5 ans,lasalle,aire de jeu - enfant
655,013-0019,aire d'exercice canin,ville-marie,loisirs et détente
656,010-0003,aire de planche à roulette,ahuntsic-cartierville,récréatif
657,053-0071,patinoire sans bandes,rivière-des-prairies-pointe-aux-trembles,récréatif
658,004-0224,aire de jeu  5 à 12 ans,pierrefonds-roxboro,aire de jeu - enfant
659,012-0013,aire d'entraînement pour adultes,outremont,loisirs et détente
660,013-0048,aire d'exercice canin,saint-léonard,loisirs et détente
661,004-0157,aire de jeu  5 à 12 ans,ville-marie,aire de jeu - enfant
662,003-0312,aire de jeu 18 mois à 5 ans,verdun,aire de jeu - enfant
663,004-0391,aire de jeu  5 à 12 ans,montréal-nord,aire de jeu - enfant
664,042-0101,jeux d'eau,lasalle,récréatif
665,076-0151,soccer à 7,saint-léonard,sportif
666,004-0376,aire de jeu  5 à 12 ans,rivière-des-prairies-pointe-aux-trembles,aire de jeu - enfant
667,003-0380,aire de jeu 18 mois à 5 ans,rivière-des-prairies-pointe-aux-trembles,aire de jeu - enfant
668,081-0051,tennis,côte-des-neiges-notre-dame-de-grâce,sportif
669,052-0050,patinoire avec bandes,villeray-saint-michel-parc-extension,récréatif
670,003-0489,aire de jeu 18 mois à 5 ans,anjou,aire de jeu - enfant
671,005-0017,aire de jeu combiné,pierrefonds-roxboro,aire de jeu - enfant
672,055-0025,piscine extérieure,outremont,récréatif
673,004-0399,aire de jeu  5 à 12 ans,mercier-hochelaga-maisonneuve,aire de jeu - enfant
674,055-0035,piscine extérieure,l'île-bizard-sainte-geneviève,récréatif
675,018-0090,basketball,lasalle,récréatif
676,052-0054,patinoire avec bandes,villeray-saint-michel-parc-extension,récréatif
677,042-0097,jeux d'eau,lasalle,récréatif
678,059-0001,piste d'athlétisme (440m) et équipements,côte-des-neiges-notre-dame-de-grâce,sportif
679,016-0060,balle,villeray-saint-michel-parc-extension,sportif
680,010-0027,aire de planche à roulette,mercier-hochelaga-maisonneuve,récréatif
681,053-0029,patinoire sans bandes,rosemont-la petite-patrie,récréatif
682,095-0008,pétanque,le plateau-mont-royal,loisirs et détente
683,052-0124,patinoire avec bandes,anjou,récréatif
684,050-0067,pataugeoire,montréal-nord,récréatif
685,070-0026,sentier de ski de fond,côte-des-neiges-notre-dame-de-grâce,plein air
686,012-0010,aire d'entraînement pour adultes,ahuntsic-cartierville,loisirs et détente
687,004-0435,aire de jeu  5 à 12 ans,anjou,aire de jeu - enfant
688,004-0334,aire de jeu  5 à 12 ans,rivière-des-prairies-pointe-aux-trembles,aire de jeu - enfant
689,064-0007,rampe de mise à l'eau / descente de bateaux,pierrefonds-roxboro,plein air
690,004-0289,aire de jeu  5 à 12 ans,lasalle,aire de jeu - enfant
691,042-0086,jeux d'eau,verdun,récréatif
692,084-0001,toit vert,côte-des-neiges-notre-dame-de-grâce,plein air
693,052-0055,patinoire avec bandes,villeray-saint-michel-parc-extension,récréatif
694,055-0054,piscine extérieure,le sud-ouest,récréatif
695,004-0176,aire de jeu  5 à 12 ans,pierrefonds-roxboro,aire de jeu - enfant
696,075-0037,soccer à 4-5,pierrefonds-roxboro,sportif
697,018-0069,basketball,pierrefonds-roxboro,récréatif
698,048-0010,palet,ahuntsic-cartierville,loisirs et détente
699,016-0037,balle,lachine,sportif
700,008-0007,aire de pêche autorisée,lachine,plein air
701,075-0067,soccer à 4-5,mercier-hochelaga-maisonneuve,sportif
702,042-0009,jeux d'eau,saint-laurent,récréatif
703,010-0022,aire de planche à roulette,rivière-des-prairies-pointe-aux-trembles,récréatif
704,003-0096,aire de jeu 18 mois à 5 ans,ahuntsic-cartierville,aire de jeu - enfant
705,042-0040,jeux d'eau,villeray-saint-michel-parc-extension,récréatif
706,053-0019,patinoire sans bandes,lachine,récréatif
707,016-0148,balle,mercier-hochelaga-maisonneuve,sportif
708,074-0015,soccer / football,côte-des-neiges-notre-dame-de-grâce,sportif
709,071-0031,sentier pédestre,rosemont-la petite-patrie,plein air
710,058-0011,piste d'athlétisme (400m) et équipements,côte-des-neiges-notre-dame-de-grâce,sportif
711,009-0017,aire de pique-nique,pierrefonds-roxboro,plein air
712,012-0043,aire d'entraînement pour adultes,ahuntsic-cartierville,loisirs et détente
713,032-0019,fer / galet,anjou,loisirs et détente
714,005-0034,aire de jeu combiné,saint-léonard,aire de jeu - enfant
715,073-0074,soccer à 11,rivière-des-prairies-pointe-aux-trembles,sportif
716,095-0080,pétanque,mercier-hochelaga-maisonneuve,loisirs et détente
717,071-0042,sentier pédestre,l'île-bizard-sainte-geneviève,plein air
718,003-0092,aire de jeu 18 mois à 5 ans,ahuntsic-cartierville,aire de jeu - enfant
719,004-0021,aire de jeu  5 à 12 ans,saint-laurent,aire de jeu - enfant
720,004-0100,aire de jeu  5 à 12 ans,lachine,aire de jeu - enfant
721,004-0328,aire de jeu  5 à 12 ans,le sud-ouest,aire de jeu - enfant
722,081-0015,tennis,ahuntsic-cartierville,sportif
723,042-0120,jeux d'eau,montréal-nord,récréatif
724,042-0090,jeux d'eau,lasalle,récréatif
725,055-0071,piscine extérieure,anjou,récréatif
726,063-0007,quai,pierrefonds-roxboro,plein air
727,010-0017,aire de planche à roulette,verdun,récréatif
728,098-0002,jeu d'échecs,ville-marie,récréatif
729,042-0022,jeux d'eau,ahuntsic-cartierville,récréatif
730,005-0037,aire de jeu combiné,saint-léonard,aire de jeu - enfant
731,003-0006,aire de jeu 18 mois à 5 ans,saint-laurent,aire de jeu - enfant
732,004-0363,aire de jeu  5 à 12 ans,rivière-des-prairies-pointe-aux-trembles,aire de jeu - enfant
733,071-0022,sentier pédestre,lachine,plein air
734,003-0117,aire de jeu 18 mois à 5 ans,rosemont-la petite-patrie,aire de jeu - enfant
735,054-0013,ping-pong,le sud-ouest,loisirs et détente
736,055-0034,piscine extérieure,pierrefonds-roxboro,récréatif
737,048-0011,palet,rosemont-la petite-patrie,loisirs et détente
738,095-0018,pétanque,ahuntsic-cartierville,loisirs et détente
739,054-0015,ping-pong,saint-léonard,loisirs et détente
740,049-0029,pastille - basketball,mercier-hochelaga-maisonneuve,récréatif
741,050-0092,pataugeoire,anjou,récréatif
742,004-0412,aire de jeu  5 à 12 ans,mercier-hochelaga-maisonneuve,aire de jeu - enfant
743,012-0021,aire d'entraînement pour adultes,verdun,loisirs et détente
744,070-0019,sentier de ski de fond,ville-marie,plein air
745,005-0029,aire de jeu combiné,rivière-des-prairies-pointe-aux-trembles,aire de jeu - enfant
746,004-0201,aire de jeu  5 à 12 ans,pierrefonds-roxboro,aire de jeu - enfant
747,073-0062-76-s2,soccer sous-terrain à 7,verdun,sportif
748,021-0018,bocce,villeray-saint-michel-parc-extension,loisirs et détente
749,003-0337,aire de jeu 18 mois à 5 ans,lasalle,aire de jeu - enfant
750,005-0030,aire de jeu combiné,montréal-nord,aire de jeu - enfant
751,073-0090,soccer à 11,mercier-hochelaga-maisonneuve,sportif
752,081-0046,tennis,pierrefonds-roxboro,sportif
753,004-0178,aire de jeu  5 à 12 ans,pierrefonds-roxboro,aire de jeu - enfant
754,003-0167,aire de jeu 18 mois à 5 ans,villeray-saint-michel-parc-extension,aire de jeu - enfant
755,076-0062,soccer à 7,pierrefonds-roxboro,sportif
756,004-0053,aire de jeu  5 à 12 ans,le plateau-mont-royal,aire de jeu - enfant
757,004-0230,aire de jeu  5 à 12 ans,côte-des-neiges-notre-dame-de-grâce,aire de jeu - enfant
758,049-0015,pastille - basketball,pierrefonds-roxboro,récréatif
759,003-0150,aire de jeu 18 mois à 5 ans,villeray-saint-michel-parc-extension,aire de jeu - enfant
760,089-0053,volleyball de plage,mercier-hochelaga-maisonneuve,récréatif
761,009-0029,aire de pique-nique,côte-des-neiges-notre-dame-de-grâce,plein air
762,074-0007,soccer / football,ahuntsic-cartierville,sportif
763,008-0010,aire de pêche autorisée,pierrefonds-roxboro,plein air
764,009-0031,aire de pique-nique,côte-des-neiges-notre-dame-de-grâce,plein air
765,005-0031,aire de jeu combiné,montréal-nord,aire de jeu - enfant
766,034-0010,football,le sud-ouest,sportif
767,081-0047,tennis,pierrefonds-roxboro,sportif
768,003-0273,aire de jeu 18 mois à 5 ans,côte-des-neiges-notre-dame-de-grâce,aire de jeu - enfant
769,073-0073,soccer à 11,le sud-ouest,sportif
770,065-0001,patinoire 4 saisons,rosemont-la petite-patrie,récréatif
771,016-0029,balle,ahuntsic-cartierville,sportif
772,052-0080,patinoire avec bandes,côte-des-neiges-notre-dame-de-grâce,récréatif
773,004-0110,aire de jeu  5 à 12 ans,rosemont-la petite-patrie,aire de jeu - enfant
774,050-0059,pataugeoire,le sud-ouest,récréatif
775,053-0086,patinoire sans bandes,mercier-hochelaga-maisonneuve,récréatif
776,074-0018,soccer / football,côte-des-neiges-notre-dame-de-grâce,sportif
777,004-0365,aire de jeu  5 à 12 ans,rivière-des-prairies-pointe-aux-trembles,aire de jeu - enfant
778,016-0025,balle,ahuntsic-cartierville,sportif
779,012-0023,aire d'entraînement pour adultes,rivière-des-prairies-pointe-aux-trembles,loisirs et détente
780,003-0355,aire de jeu 18 mois à 5 ans,le sud-ouest,aire de jeu - enfant
781,012-0032,aire d'entraînement pour adultes,mercier-hochelaga-maisonneuve,loisirs et détente
782,003-0332,aire de jeu 18 mois à 5 ans,lasalle,aire de jeu - enfant
783,004-0305,aire de jeu  5 à 12 ans,lasalle,aire de jeu - enfant
784,089-0059,volleyball de plage,saint-léonard,récréatif
785,073-0086,soccer à 11,montréal-nord,sportif
786,095-0070,pétanque,montréal-nord,loisirs et détente
787,004-0002,aire de jeu  5 à 12 ans,saint-laurent,aire de jeu - enfant
788,018-0040,basketball,rosemont-la petite-patrie,récréatif
789,095-0092,pétanque,anjou,loisirs et détente
790,055-0068,piscine extérieure,anjou,récréatif
791,052-0082,patinoire avec bandes,côte-des-neiges-notre-dame-de-grâce,récréatif
792,036-0001,golf,lachine,sportif
793,055-0057,piscine extérieure,rivière-des-prairies-pointe-aux-trembles,récréatif
794,070-0020,sentier de ski de fond,pierrefonds-roxboro,plein air
795,050-0044,pataugeoire,ville-marie,récréatif
796,076-0153,soccer à 7,saint-léonard,sportif
797,012-0005,aire d'entraînement pour adultes,saint-laurent,loisirs et détente
798,004-0429,aire de jeu  5 à 12 ans,mercier-hochelaga-maisonneuve,aire de jeu - enfant
799,073-0076,soccer à 11,rivière-des-prairies-pointe-aux-trembles,sportif
800,070-0008,sentier de ski de fond,lachine,plein air
801,005-0013,aire de jeu combiné,pierrefonds-roxboro,aire de jeu - enfant
802,013-0040,aire d'exercice canin,mercier-hochelaga-maisonneuve,loisirs et détente
803,004-0271,aire de jeu  5 à 12 ans,verdun,aire de jeu - enfant
804,004-0325,aire de jeu  5 à 12 ans,le sud-ouest,aire de jeu - enfant
805,003-0298,aire de jeu 18 mois à 5 ans,verdun,aire de jeu - enfant
806,049-0014,pastille - basketball,pierrefonds-roxboro,récréatif
807,004-0347,aire de jeu  5 à 12 ans,rivière-des-prairies-pointe-aux-trembles,aire de jeu - enfant
808,042-0008,jeux d'eau,saint-laurent,récréatif
809,003-0288,aire de jeu 18 mois à 5 ans,côte-des-neiges-notre-dame-de-grâce,aire de jeu - enfant
810,055-0015,piscine extérieure,lachine,récréatif
811,016-0073,balle,pierrefonds-roxboro,sportif
812,016-0124,balle,rivière-des-prairies-pointe-aux-trembles,sportif
813,076-0118,soccer à 7,rivière-des-prairies-pointe-aux-trembles,sportif
814,081-0040,tennis,pierrefonds-roxboro,sportif
815,004-0446,aire de jeu  5 à 12 ans,saint-léonard,aire de jeu - enfant
816,003-0014,aire de jeu 18 mois à 5 ans,saint-laurent,aire de jeu - enfant
817,074-0020,soccer / football,côte-des-neiges-notre-dame-de-grâce,sportif
818,053-0085,patinoire sans bandes,mercier-hochelaga-maisonneuve,récréatif
819,073-0077,soccer à 11,rivière-des-prairies-pointe-aux-trembles,sportif
820,055-0072,piscine extérieure,saint-léonard,récréatif
821,070-0013,sentier de ski de fond,lachine,plein air
822,042-0121,jeux d'eau,mercier-hochelaga-maisonneuve,récréatif
823,053-0047,patinoire sans bandes,côte-des-neiges-notre-dame-de-grâce,récréatif
824,004-0048,aire de jeu  5 à 12 ans,le plateau-mont-royal,aire de jeu - enfant
825,016-0013,balle,le plateau-mont-royal,sportif
826,042-0029,jeux d'eau,ahuntsic-cartierville,récréatif
827,013-0042,aire d'exercice canin,mercier-hochelaga-maisonneuve,loisirs et détente
828,055-0013,piscine extérieure,lachine,récréatif
829,095-0023,pétanque,lachine,loisirs et détente
830,028-0003,croquet,ahuntsic-cartierville,récréatif
831,004-0331,aire de jeu  5 à 12 ans,rivière-des-prairies-pointe-aux-trembles,aire de jeu - enfant
832,073-0060,soccer à 11,côte-des-neiges-notre-dame-de-grâce,sportif
833,003-0318,aire de jeu 18 mois à 5 ans,verdun,aire de jeu - enfant
834,076-0136,soccer à 7,mercier-hochelaga-maisonneuve,sportif
835,004-0051,aire de jeu  5 à 12 ans,le plateau-mont-royal,aire de jeu - enfant
836,053-0069,patinoire sans bandes,rivière-des-prairies-pointe-aux-trembles,récréatif
837,053-0081,patinoire sans bandes,mercier-hochelaga-maisonneuve,récréatif
838,049-0012,pastille - basketball,outremont,récréatif
839,063-0013,quai,rivière-des-prairies-pointe-aux-trembles,plein air
840,042-0035,jeux d'eau,rosemont-la petite-patrie,récréatif
841,003-0331,aire de jeu 18 mois à 5 ans,lasalle,aire de jeu - enfant
842,073-0103,soccer à 11,anjou,sportif
843,002-0001,aire de glissade,saint-laurent,loisirs et détente
844,097-0005,fontaine,outremont,loisirs et détente
845,031-0003,étang / lac,saint-laurent,plein air
846,018-0003,basketball,saint-laurent,récréatif
847,018-0019,basketball,le plateau-mont-royal,récréatif
848,002-0004,aire de glissade,saint-laurent,loisirs et détente
849,004-0268,aire de jeu  5 à 12 ans,verdun,aire de jeu - enfant
850,016-0133,balle,mercier-hochelaga-maisonneuve,sportif
851,003-0467,aire de jeu 18 mois à 5 ans,mercier-hochelaga-maisonneuve,aire de jeu - enfant
852,045-0001,multisport,ahuntsic-cartierville,sportif
853,016-0161,balle,saint-léonard,sportif
854,053-0060,patinoire sans bandes,verdun,récréatif
855,004-0027,aire de jeu  5 à 12 ans,saint-laurent,aire de jeu - enfant
856,004-0001,aire de jeu  5 à 12 ans,saint-laurent,aire de jeu - enfant
857,004-0168,aire de jeu  5 à 12 ans,ville-marie,aire de jeu - enfant
858,003-0347,aire de jeu 18 mois à 5 ans,lasalle,aire de jeu - enfant
859,042-0076,jeux d'eau,verdun,récréatif
860,004-0133,aire de jeu  5 à 12 ans,villeray-saint-michel-parc-extension,aire de jeu - enfant
861,076-0116,soccer à 7,rivière-des-prairies-pointe-aux-trembles,sportif
862,003-0019,aire de jeu 18 mois à 5 ans,saint-laurent,aire de jeu - enfant
863,028-0006,croquet,ahuntsic-cartierville,récréatif
864,042-0038,jeux d'eau,rosemont-la petite-patrie,récréatif
865,003-0400,aire de jeu 18 mois à 5 ans,rivière-des-prairies-pointe-aux-trembles,aire de jeu - enfant
866,081-0052,tennis,côte-des-neiges-notre-dame-de-grâce,sportif
867,053-0030,patinoire sans bandes,villeray-saint-michel-parc-extension,récréatif
868,073-0035-76-s2,soccer sous-terrain à 7,villeray-saint-michel-parc-extension,sportif
869,074-0010-76-s1,soccer sous-terrain à 7,outremont,sportif
870,050-0081,pataugeoire,mercier-hochelaga-maisonneuve,récréatif
871,002-0010,aire de glissade,ahuntsic-cartierville,loisirs et détente
872,004-0153,aire de jeu  5 à 12 ans,outremont,aire de jeu - enfant
873,071-0040,sentier pédestre,pierrefonds-roxboro,plein air
874,095-0059,pétanque,le sud-ouest,loisirs et détente
875,095-0100,pétanque,outremont,loisirs et détente
876,018-0008,basketball,saint-laurent,récréatif
877,003-0490,aire de jeu 18 mois à 5 ans,anjou,aire de jeu - enfant
878,004-0212,aire de jeu  5 à 12 ans,pierrefonds-roxboro,aire de jeu - enfant
879,042-0054,jeux d'eau,ville-marie,récréatif
880,018-0088,basketball,verdun,récréatif
881,003-0484,aire de jeu 18 mois à 5 ans,anjou,aire de jeu - enfant
882,003-0476,aire de jeu 18 mois à 5 ans,mercier-hochelaga-maisonneuve,aire de jeu - enfant
883,004-0314,aire de jeu  5 à 12 ans,le sud-ouest,aire de jeu - enfant
884,018-0135,basketball,saint-léonard,récréatif
885,003-0475,aire de jeu 18 mois à 5 ans,mercier-hochelaga-maisonneuve,aire de jeu - enfant
886,004-0427,aire de jeu  5 à 12 ans,mercier-hochelaga-maisonneuve,aire de jeu - enfant
887,003-0333,aire de jeu 18 mois à 5 ans,lasalle,aire de jeu - enfant
888,003-0227,aire de jeu 18 mois à 5 ans,pierrefonds-roxboro,aire de jeu - enfant
889,018-0073,basketball,pierrefonds-roxboro,récréatif
890,071-0012,sentier pédestre,ahuntsic-cartierville,plein air
891,004-0017,aire de jeu  5 à 12 ans,saint-laurent,aire de jeu - enfant
892,013-0001,aire d'exercice canin,saint-laurent,loisirs et détente
893,073-0089,soccer à 11,mercier-hochelaga-maisonneuve,sportif
894,005-0007,aire de jeu combiné,villeray-saint-michel-parc-extension,aire de jeu - enfant
895,009-0034,aire de pique-nique,côte-des-neiges-notre-dame-de-grâce,plein air
896,003-0492,aire de jeu 18 mois à 5 ans,anjou,aire de jeu - enfant
897,018-0113,basketball,rivière-des-prairies-pointe-aux-trembles,récréatif
898,021-0061,bocce,saint-léonard,loisirs et détente
899,003-0468,aire de jeu 18 mois à 5 ans,mercier-hochelaga-maisonneuve,aire de jeu - enfant
900,004-0165,aire de jeu  5 à 12 ans,ville-marie,aire de jeu - enfant
901,004-0160,aire de jeu  5 à 12 ans,ville-marie,aire de jeu - enfant
902,003-0428,aire de jeu 18 mois à 5 ans,montréal-nord,aire de jeu - enfant
903,073-0027,soccer à 11,rosemont-la petite-patrie,sportif
904,016-0003,balle,saint-laurent,sportif
905,042-0095,jeux d'eau,lasalle,récréatif
906,053-0048,patinoire sans bandes,côte-des-neiges-notre-dame-de-grâce,récréatif
907,089-0048,volleyball de plage,le sud-ouest,récréatif
908,018-0072,basketball,pierrefonds-roxboro,récréatif
909,095-0082,pétanque,mercier-hochelaga-maisonneuve,loisirs et détente
910,003-0251,aire de jeu 18 mois à 5 ans,l'île-bizard-sainte-geneviève,aire de jeu - enfant
911,050-0013,pataugeoire,le plateau-mont-royal,récréatif
912,075-0047,soccer à 4-5,l'île-bizard-sainte-geneviève,sportif
913,009-0037,aire de pique-nique,lasalle,plein air
914,003-0077,aire de jeu 18 mois à 5 ans,ahuntsic-cartierville,aire de jeu - enfant
915,009-0019,aire de pique-nique,ahuntsic-cartierville,plein air
916,042-0139,jeux d'eau,saint-léonard,récréatif
917,055-0021,piscine extérieure,rosemont-la petite-patrie,récréatif
918,076-0015,soccer à 7,ahuntsic-cartierville,sportif
919,042-0001,jeux d'eau,saint-laurent,récréatif
920,018-0133,basketball,anjou,récréatif
921,054-0004,ping-pong,le plateau-mont-royal,loisirs et détente
922,073-0030,soccer à 11,villeray-saint-michel-parc-extension,sportif
923,004-0218,aire de jeu  5 à 12 ans,pierrefonds-roxboro,aire de jeu - enfant
924,004-0022,aire de jeu  5 à 12 ans,saint-laurent,aire de jeu - enfant
925,053-0082,patinoire sans bandes,mercier-hochelaga-maisonneuve,récréatif
926,003-0452,aire de jeu 18 mois à 5 ans,mercier-hochelaga-maisonneuve,aire de jeu - enfant
927,081-0002,tennis,saint-laurent,sportif
928,009-0056,aire de pique-nique,mercier-hochelaga-maisonneuve,plein air
929,052-0029,patinoire avec bandes,ahuntsic-cartierville,récréatif
930,052-0009,patinoire avec bandes,saint-laurent,récréatif
931,003-0074,aire de jeu 18 mois à 5 ans,ahuntsic-cartierville,aire de jeu - enfant
932,095-0013,pétanque,ahuntsic-cartierville,loisirs et détente
933,042-0140,jeux d'eau,saint-léonard,récréatif
934,013-0043,aire d'exercice canin,mercier-hochelaga-maisonneuve,loisirs et détente
935,012-0048,aire d'entraînement pour adultes,ville-marie,loisirs et détente
936,042-0102,jeux d'eau,le sud-ouest,récréatif
937,042-0146,jeux d'eau,rosemont-la petite-patrie,récréatif
938,073-0022,soccer à 11,lachine,sportif
939,073-0050,soccer à 11,l'île-bizard-sainte-geneviève,sportif
940,003-0363,aire de jeu 18 mois à 5 ans,le sud-ouest,aire de jeu - enfant
941,004-0109,aire de jeu  5 à 12 ans,rosemont-la petite-patrie,aire de jeu - enfant
942,073-0001-76-s1,soccer sous-terrain à 7,saint-laurent,sportif
943,018-0050,basketball,villeray-saint-michel-parc-extension,récréatif
944,051-0003,patinoire réfrigérée / basketball,lasalle,récréatif
945,052-0077,patinoire avec bandes,côte-des-neiges-notre-dame-de-grâce,récréatif
946,076-0122,soccer à 7,montréal-nord,sportif
947,050-0057,pataugeoire,verdun,récréatif
948,005-0033,aire de jeu combiné,saint-léonard,aire de jeu - enfant
949,081-0042,tennis,pierrefonds-roxboro,sportif
950,004-0450,aire de jeu  5 à 12 ans,saint-léonard,aire de jeu - enfant
951,076-0101,soccer à 7,rivière-des-prairies-pointe-aux-trembles,sportif
952,004-0034,aire de jeu  5 à 12 ans,le plateau-mont-royal,aire de jeu - enfant
953,016-0095,balle,côte-des-neiges-notre-dame-de-grâce,sportif
954,063-0002,quai,lachine,plein air
955,075-0006,soccer à 4-5,ahuntsic-cartierville,sportif
956,010-0025,aire de planche à roulette,montréal-nord,récréatif
957,003-0302,aire de jeu 18 mois à 5 ans,verdun,aire de jeu - enfant
958,073-0056,soccer à 11,côte-des-neiges-notre-dame-de-grâce,sportif
959,042-0058,jeux d'eau,l'île-bizard-sainte-geneviève,récréatif
960,054-0005,ping-pong,le plateau-mont-royal,loisirs et détente
961,018-0078,basketball,côte-des-neiges-notre-dame-de-grâce,récréatif
962,070-0015,sentier de ski de fond,rosemont-la petite-patrie,plein air
963,004-0253,aire de jeu  5 à 12 ans,verdun,aire de jeu - enfant
964,004-0102,aire de jeu  5 à 12 ans,rosemont-la petite-patrie,aire de jeu - enfant
965,004-0375,aire de jeu  5 à 12 ans,rivière-des-prairies-pointe-aux-trembles,aire de jeu - enfant
966,021-0031,bocce,lasalle,loisirs et détente
967,073-0066,soccer à 11,lasalle,sportif
968,052-0045,patinoire avec bandes,rosemont-la petite-patrie,récréatif
969,050-0011,pataugeoire,le plateau-mont-royal,récréatif
970,071-0062,sentier pédestre,anjou,plein air
971,073-0033,soccer à 11,villeray-saint-michel-parc-extension,sportif
972,012-0034,aire d'entraînement pour adultes,mercier-hochelaga-maisonneuve,loisirs et détente
973,075-0058,soccer à 4-5,le sud-ouest,sportif
974,054-0019,ping-pong,ville-marie,loisirs et détente
975,003-0393,aire de jeu 18 mois à 5 ans,rivière-des-prairies-pointe-aux-trembles,aire de jeu - enfant
976,076-0040,soccer à 7,villeray-saint-michel-parc-extension,sportif
977,010-0010,aire de planche à roulette,villeray-saint-michel-parc-extension,récréatif
978,004-0155,aire de jeu  5 à 12 ans,outremont,aire de jeu - enfant
979,034-0003,football,saint-laurent,sportif
980,042-0007,jeux d'eau,saint-laurent,récréatif
981,018-0122,basketball,montréal-nord,récréatif
982,004-0151,aire de jeu  5 à 12 ans,villeray-saint-michel-parc-extension,aire de jeu - enfant
983,076-0127,soccer à 7,mercier-hochelaga-maisonneuve,sportif
984,004-0380,aire de jeu  5 à 12 ans,montréal-nord,aire de jeu - enfant
985,003-0113,aire de jeu 18 mois à 5 ans,rosemont-la petite-patrie,aire de jeu - enfant
986,081-0093,tennis,anjou,sportif
987,004-0077,aire de jeu  5 à 12 ans,ahuntsic-cartierville,aire de jeu - enfant
988,081-0096,tennis,saint-léonard,sportif
989,011-0003,aire de tir à l'arc,mercier-hochelaga-maisonneuve,sportif
990,004-0272,aire de jeu  5 à 12 ans,verdun,aire de jeu - enfant
991,003-0359,aire de jeu 18 mois à 5 ans,le sud-ouest,aire de jeu - enfant
992,018-0025,basketball,ahuntsic-cartierville,récréatif
993,052-0076,patinoire avec bandes,côte-des-neiges-notre-dame-de-grâce,récréatif
994,081-0010,tennis,le plateau-mont-royal,sportif
995,018-0097,basketball,lasalle,récréatif
996,004-0295,aire de jeu  5 à 12 ans,lasalle,aire de jeu - enfant
997,076-0030,soccer à 7,rosemont-la petite-patrie,sportif
998,082-0001,théâtre extérieur,le plateau-mont-royal,loisirs et détente
999,095-0006,pétanque,le plateau-mont-royal,loisirs et détente
1000,018-0125,basketball,mercier-hochelaga-maisonneuve,récréatif
1001,003-0411,aire de jeu 18 mois à 5 ans,rivière-des-prairies-pointe-aux-trembles,aire de jeu - enfant
1002,095-0058,pétanque,le sud-ouest,loisirs et détente
1003,081-0037,tennis,pierrefonds-roxboro,sportif
1004,019-0001,bassin olympique,ville-marie,sportif
1005,012-0049,aire d'entraînement pour adultes,le sud-ouest,loisirs et détente
1006,018-0120,basketball,montréal-nord,récréatif
1007,004-0135,aire de jeu  5 à 12 ans,villeray-saint-michel-parc-extension,aire de jeu - enfant
1008,003-0144,aire de jeu 18 mois à 5 ans,villeray-saint-michel-parc-extension,aire de jeu - enfant
1009,050-0070,pataugeoire,montréal-nord,récréatif
1010,016-0128,balle,montréal-nord,sportif
1011,004-0103,aire de jeu  5 à 12 ans,rosemont-la petite-patrie,aire de jeu - enfant
1012,005-0004,aire de jeu combiné,villeray-saint-michel-parc-extension,aire de jeu - enfant
1013,042-0069,jeux d'eau,côte-des-neiges-notre-dame-de-grâce,récréatif
1014,075-0018,soccer à 4-5,lachine,sportif
1015,052-0103,patinoire avec bandes,rivière-des-prairies-pointe-aux-trembles,récréatif
1016,004-0007,aire de jeu  5 à 12 ans,saint-laurent,aire de jeu - enfant
1017,071-0037,sentier pédestre,pierrefonds-roxboro,plein air
1018,042-0047,jeux d'eau,ville-marie,récréatif
1019,055-0006,piscine extérieure,saint-laurent,récréatif
1020,056-0013,piste cyclable,l'île-bizard-sainte-geneviève,plein air
1021,073-0065,soccer à 11,lasalle,sportif
1022,016-0061,balle,villeray-saint-michel-parc-extension,sportif
1023,052-0125,patinoire avec bandes,anjou,récréatif
1024,004-0098,aire de jeu  5 à 12 ans,lachine,aire de jeu - enfant
1025,073-0008,soccer à 11,saint-laurent,sportif
1026,081-0067,tennis,lasalle,sportif
1027,003-0314,aire de jeu 18 mois à 5 ans,verdun,aire de jeu - enfant
1028,076-0033,soccer à 7,rosemont-la petite-patrie,sportif
1029,055-0008,piscine extérieure,saint-laurent,récréatif
1030,021-0051,bocce,anjou,loisirs et détente
1031,055-0050,piscine extérieure,lasalle,récréatif
1032,032-0021,fer / galet,lachine,loisirs et détente
1033,009-0045,aire de pique-nique,montréal-nord,plein air
1034,053-0012,patinoire sans bandes,ahuntsic-cartierville,récréatif
1035,062-0003,plancher de danse,rosemont-la petite-patrie,loisirs et détente
1036,004-0337,aire de jeu  5 à 12 ans,rivière-des-prairies-pointe-aux-trembles,aire de jeu - enfant
1037,018-0100,basketball,le sud-ouest,récréatif
1038,004-0442,aire de jeu  5 à 12 ans,saint-léonard,aire de jeu - enfant
1039,075-0093,soccer à 4-5,rivière-des-prairies-pointe-aux-trembles,sportif
1040,004-0461,aire de jeu  5 à 12 ans,villeray-saint-michel-parc-extension,aire de jeu - enfant
1041,004-0426,aire de jeu  5 à 12 ans,mercier-hochelaga-maisonneuve,aire de jeu - enfant
1042,052-0040,patinoire avec bandes,rosemont-la petite-patrie,récréatif
1043,089-0047,volleyball de plage,le sud-ouest,récréatif
1044,004-0124,aire de jeu  5 à 12 ans,rosemont-la petite-patrie,aire de jeu - enfant
1045,056-0008,piste cyclable,ville-marie,plein air
1046,042-0034,jeux d'eau,rosemont-la petite-patrie,récréatif
1047,010-0015,aire de planche à roulette,l'île-bizard-sainte-geneviève,récréatif
1048,004-0073,aire de jeu  5 à 12 ans,ahuntsic-cartierville,aire de jeu - enfant
1049,004-0302,aire de jeu  5 à 12 ans,lasalle,aire de jeu - enfant
1050,003-0220,aire de jeu 18 mois à 5 ans,pierrefonds-roxboro,aire de jeu - enfant
1051,095-0011,pétanque,ahuntsic-cartierville,loisirs et détente
1052,095-0004,pétanque,saint-laurent,loisirs et détente
1053,003-0259,aire de jeu 18 mois à 5 ans,l'île-bizard-sainte-geneviève,aire de jeu - enfant
1054,012-0033,aire d'entraînement pour adultes,mercier-hochelaga-maisonneuve,loisirs et détente
1055,012-0019,aire d'entraînement pour adultes,côte-des-neiges-notre-dame-de-grâce,loisirs et détente
1056,004-0405,aire de jeu  5 à 12 ans,mercier-hochelaga-maisonneuve,aire de jeu - enfant
1057,072-0020,anneau / rond de glace,pierrefonds-roxboro,loisirs et détente
1058,073-0038,soccer à 11,ville-marie,sportif
1059,053-0009,patinoire sans bandes,ahuntsic-cartierville,récréatif
1060,031-0014,étang / lac,le sud-ouest,plein air
1061,073-0031,soccer à 11,villeray-saint-michel-parc-extension,sportif
1062,009-0002,aire de pique-nique,saint-laurent,plein air
1063,001-0014,abri soleil,rivière-des-prairies-pointe-aux-trembles,plein air
1064,016-0018,balle,ahuntsic-cartierville,sportif
1065,075-0013,soccer à 4-5,lachine,sportif
1066,016-0137,balle,mercier-hochelaga-maisonneuve,sportif
1067,058-0012,piste d'athlétisme (400m) et équipements,lasalle,sportif
1068,081-0063,tennis,lasalle,sportif
1069,055-0042,piscine extérieure,verdun,récréatif
1070,004-0419,aire de jeu  5 à 12 ans,mercier-hochelaga-maisonneuve,aire de jeu - enfant
1071,021-0041,bocce,rivière-des-prairies-pointe-aux-trembles,loisirs et détente
1072,003-0352,aire de jeu 18 mois à 5 ans,le sud-ouest,aire de jeu - enfant
1073,003-0196,aire de jeu 18 mois à 5 ans,ville-marie,aire de jeu - enfant
1074,004-0154,aire de jeu  5 à 12 ans,outremont,aire de jeu - enfant
1075,013-0011,aire d'exercice canin,ahuntsic-cartierville,loisirs et détente
1076,005-0039,aire de jeu combiné,saint-léonard,aire de jeu - enfant
1077,021-0038,bocce,rivière-des-prairies-pointe-aux-trembles,loisirs et détente
1078,095-0079,pétanque,mercier-hochelaga-maisonneuve,loisirs et détente
1079,075-0044,soccer à 4-5,l'île-bizard-sainte-geneviève,sportif
1080,003-0306,aire de jeu 18 mois à 5 ans,verdun,aire de jeu - enfant
1081,010-0005,aire de planche à roulette,lachine,récréatif
1082,004-0138,aire de jeu  5 à 12 ans,villeray-saint-michel-parc-extension,aire de jeu - enfant
1083,003-0346,aire de jeu 18 mois à 5 ans,lasalle,aire de jeu - enfant
1084,089-0013,volleyball de plage,le plateau-mont-royal,récréatif
1085,076-0089,soccer à 7,lasalle,sportif
1086,002-0030,aire de glissade,mercier-hochelaga-maisonneuve,loisirs et détente
1087,053-0075,patinoire sans bandes,rivière-des-prairies-pointe-aux-trembles,récréatif
1088,003-0401,aire de jeu 18 mois à 5 ans,rivière-des-prairies-pointe-aux-trembles,aire de jeu - enfant
1089,074-0022,soccer / football,lasalle,sportif
1090,050-0061,pataugeoire,le sud-ouest,récréatif
1091,003-0408,aire de jeu 18 mois à 5 ans,rivière-des-prairies-pointe-aux-trembles,aire de jeu - enfant
1092,050-0008,pataugeoire,saint-laurent,récréatif
1093,004-0377,aire de jeu  5 à 12 ans,montréal-nord,aire de jeu - enfant
1094,095-0034,pétanque,rosemont-la petite-patrie,loisirs et détente
1095,003-0285,aire de jeu 18 mois à 5 ans,côte-des-neiges-notre-dame-de-grâce,aire de jeu - enfant
1096,050-0066,pataugeoire,rivière-des-prairies-pointe-aux-trembles,récréatif
1097,004-0045,aire de jeu  5 à 12 ans,le plateau-mont-royal,aire de jeu - enfant
1098,018-0092,basketball,lasalle,récréatif
1099,016-0072,balle,ville-marie,sportif
1100,025-0002,ciné-parc,anjou,loisirs et détente
1101,052-0093,patinoire avec bandes,lasalle,récréatif
1102,004-0128,aire de jeu  5 à 12 ans,villeray-saint-michel-parc-extension,aire de jeu - enfant
1103,052-0130,patinoire avec bandes,saint-léonard,récréatif
1104,042-0111,jeux d'eau,rivière-des-prairies-pointe-aux-trembles,récréatif
1105,089-0046,volleyball de plage,le sud-ouest,récréatif
1106,003-0321,aire de jeu 18 mois à 5 ans,verdun,aire de jeu - enfant
1107,021-0021,bocce,villeray-saint-michel-parc-extension,loisirs et détente
1108,076-0058,soccer à 7,pierrefonds-roxboro,sportif
1109,075-0031,soccer à 4-5,pierrefonds-roxboro,sportif
1110,004-0097,aire de jeu  5 à 12 ans,lachine,aire de jeu - enfant
1111,016-0090,balle,côte-des-neiges-notre-dame-de-grâce,sportif
1112,016-0057,balle,rosemont-la petite-patrie,sportif
1113,075-0008,soccer à 4-5,ahuntsic-cartierville,sportif
1114,027-0005,cricket,côte-des-neiges-notre-dame-de-grâce,sportif
1115,003-0202,aire de jeu 18 mois à 5 ans,pierrefonds-roxboro,aire de jeu - enfant
1116,067-0003,scène,ahuntsic-cartierville,loisirs et détente
1117,004-0071,aire de jeu  5 à 12 ans,ahuntsic-cartierville,aire de jeu - enfant
1118,089-0039,volleyball de plage,verdun,récréatif
1119,004-0409,aire de jeu  5 à 12 ans,mercier-hochelaga-maisonneuve,aire de jeu - enfant
1120,004-0257,aire de jeu  5 à 12 ans,verdun,aire de jeu - enfant
1121,004-0263,aire de jeu  5 à 12 ans,verdun,aire de jeu - enfant
1122,055-0033,piscine extérieure,pierrefonds-roxboro,récréatif
1123,042-0115,jeux d'eau,rivière-des-prairies-pointe-aux-trembles,récréatif
1124,013-0029,aire d'exercice canin,verdun,loisirs et détente
1125,073-0104,soccer à 11,anjou,sportif
1126,076-0112,soccer à 7,rivière-des-prairies-pointe-aux-trembles,sportif
1127,073-0101,soccer à 11,mercier-hochelaga-maisonneuve,sportif
1128,071-0025,sentier pédestre,lachine,plein air
1129,076-0022,soccer à 7,lachine,sportif
1130,003-0234,aire de jeu 18 mois à 5 ans,pierrefonds-roxboro,aire de jeu - enfant
1131,050-0007,pataugeoire,saint-laurent,récréatif
1132,063-0012,quai,le sud-ouest,plein air
1133,004-0318,aire de jeu  5 à 12 ans,le sud-ouest,aire de jeu - enfant
1134,018-0044,basketball,villeray-saint-michel-parc-extension,récréatif
1135,076-0150,soccer à 7,saint-léonard,sportif
1136,055-0056,piscine extérieure,rivière-des-prairies-pointe-aux-trembles,récréatif
1137,052-0071,patinoire avec bandes,l'île-bizard-sainte-geneviève,récréatif
1138,074-0005-76-s1,soccer sous-terrain à 7,ahuntsic-cartierville,sportif
1139,075-0078,soccer à 4-5,saint-léonard,sportif
1140,003-0481,aire de jeu 18 mois à 5 ans,anjou,aire de jeu - enfant
1141,003-0083,aire de jeu 18 mois à 5 ans,ahuntsic-cartierville,aire de jeu - enfant
1142,067-0016,scène,villeray-saint-michel-parc-extension,loisirs et détente
1143,021-0055,bocce,saint-léonard,loisirs et détente
1144,050-0082,pataugeoire,mercier-hochelaga-maisonneuve,récréatif
1145,005-0015,aire de jeu combiné,pierrefonds-roxboro,aire de jeu - enfant
1146,003-0135,aire de jeu 18 mois à 5 ans,rosemont-la petite-patrie,aire de jeu - enfant
1147,049-0028,pastille - basketball,montréal-nord,récréatif
1148,076-0098,soccer à 7,rivière-des-prairies-pointe-aux-trembles,sportif
1149,004-0148,aire de jeu  5 à 12 ans,villeray-saint-michel-parc-extension,aire de jeu - enfant
1150,016-0104,balle,lasalle,sportif
1151,081-0095,tennis,saint-léonard,sportif
1152,073-0087,soccer à 11,montréal-nord,sportif
1153,013-0025,aire d'exercice canin,côte-des-neiges-notre-dame-de-grâce,loisirs et détente
1154,067-0009,scène,ville-marie,loisirs et détente
1155,018-0101,basketball,le sud-ouest,récréatif
1156,042-0082,jeux d'eau,verdun,récréatif
1157,055-0009,piscine extérieure,le plateau-mont-royal,récréatif
1158,018-0034,basketball,rosemont-la petite-patrie,récréatif
1159,074-0017,soccer / football,côte-des-neiges-notre-dame-de-grâce,sportif
1160,053-0083,patinoire sans bandes,mercier-hochelaga-maisonneuve,récréatif
1161,054-0010,ping-pong,pierrefonds-roxboro,loisirs et détente
1162,004-0296,aire de jeu  5 à 12 ans,lasalle,aire de jeu - enfant
1163,012-0002,aire d'entraînement pour adultes,saint-laurent,loisirs et détente
1164,073-0095-76-s1,soccer sous-terrain à 7,mercier-hochelaga-maisonneuve,sportif
1165,004-0251,aire de jeu  5 à 12 ans,côte-des-neiges-notre-dame-de-grâce,aire de jeu - enfant
1166,055-0061,piscine extérieure,montréal-nord,récréatif
1167,052-0109,patinoire avec bandes,rivière-des-prairies-pointe-aux-trembles,récréatif
1168,004-0330,aire de jeu  5 à 12 ans,rivière-des-prairies-pointe-aux-trembles,aire de jeu - enfant
1169,065-0016,patinoire 4 saisons,le sud-ouest,récréatif
1170,003-0185,aire de jeu 18 mois à 5 ans,ville-marie,aire de jeu - enfant
1171,003-0180,aire de jeu 18 mois à 5 ans,outremont,aire de jeu - enfant
1172,004-0116,aire de jeu  5 à 12 ans,rosemont-la petite-patrie,aire de jeu - enfant
1173,016-0149,balle,anjou,sportif
1174,012-0020,aire d'entraînement pour adultes,côte-des-neiges-notre-dame-de-grâce,loisirs et détente
1175,076-0138,soccer à 7,anjou,sportif
1176,071-0038,sentier pédestre,pierrefonds-roxboro,plein air
1177,005-0027,aire de jeu combiné,lasalle,aire de jeu - enfant
1178,013-0027,aire d'exercice canin,côte-des-neiges-notre-dame-de-grâce,loisirs et détente
1179,003-0434,aire de jeu 18 mois à 5 ans,montréal-nord,aire de jeu - enfant
1180,056-0003,piste cyclable,ahuntsic-cartierville,plein air
1181,073-0080,soccer à 11,rivière-des-prairies-pointe-aux-trembles,sportif
1182,072-0029,anneau / rond de glace,montréal-nord,loisirs et détente
1183,004-0244,aire de jeu  5 à 12 ans,côte-des-neiges-notre-dame-de-grâce,aire de jeu - enfant
1184,013-0013,aire d'exercice canin,rosemont-la petite-patrie,loisirs et détente
1185,089-0050,volleyball de plage,rivière-des-prairies-pointe-aux-trembles,récréatif
1186,004-0012,aire de jeu  5 à 12 ans,saint-laurent,aire de jeu - enfant
1187,052-0105,patinoire avec bandes,rivière-des-prairies-pointe-aux-trembles,récréatif
1188,076-0105,soccer à 7,rivière-des-prairies-pointe-aux-trembles,sportif
1189,009-0039,aire de pique-nique,le sud-ouest,plein air
1190,004-0288,aire de jeu  5 à 12 ans,lasalle,aire de jeu - enfant
1191,052-0067,patinoire avec bandes,pierrefonds-roxboro,récréatif
1192,072-0024,anneau / rond de glace,lasalle,loisirs et détente
1193,012-0052,aire d'entraînement pour adultes,saint-léonard,loisirs et détente
1194,013-0006,aire d'exercice canin,saint-laurent,loisirs et détente
1195,070-0010,sentier de ski de fond,lachine,plein air
1196,076-0051,soccer à 7,pierrefonds-roxboro,sportif
1197,055-0069,piscine extérieure,anjou,récréatif
1198,042-0092,jeux d'eau,lasalle,récréatif
1199,013-0024,aire d'exercice canin,côte-des-neiges-notre-dame-de-grâce,loisirs et détente
1200,043-0001,marina,lachine,plein air
1201,050-0020,pataugeoire,ahuntsic-cartierville,récréatif
1202,076-0003,soccer à 7,saint-laurent,sportif
1203,005-0035,aire de jeu combiné,saint-léonard,aire de jeu - enfant
1204,072-0005,anneau / rond de glace,saint-laurent,loisirs et détente
1205,004-0018,aire de jeu  5 à 12 ans,saint-laurent,aire de jeu - enfant
1206,073-0070,soccer à 11,lasalle,sportif
1207,052-0038,patinoire avec bandes,lachine,récréatif
1208,075-0016,soccer à 4-5,lachine,sportif
1209,053-0032,patinoire sans bandes,villeray-saint-michel-parc-extension,récréatif
1210,003-0325,aire de jeu 18 mois à 5 ans,lasalle,aire de jeu - enfant
1211,020-0004,belvédère,ville-marie,loisirs et détente
1212,003-0154,aire de jeu 18 mois à 5 ans,villeray-saint-michel-parc-extension,aire de jeu - enfant
1213,004-0104,aire de jeu  5 à 12 ans,rosemont-la petite-patrie,aire de jeu - enfant
1214,075-0005,soccer à 4-5,ahuntsic-cartierville,sportif
1215,095-0048,pétanque,côte-des-neiges-notre-dame-de-grâce,loisirs et détente
1216,003-0095,aire de jeu 18 mois à 5 ans,ahuntsic-cartierville,aire de jeu - enfant
1217,031-0016,étang / lac,saint-léonard,plein air
1218,003-0066,aire de jeu 18 mois à 5 ans,le plateau-mont-royal,aire de jeu - enfant
1219,081-0060,tennis,verdun,sportif
1220,013-0012,aire d'exercice canin,lachine,loisirs et détente
1221,081-0073,tennis,le sud-ouest,sportif
1222,063-0009,quai,verdun,plein air
1223,002-0016,aire de glissade,rosemont-la petite-patrie,loisirs et détente
1224,004-0345,aire de jeu  5 à 12 ans,rivière-des-prairies-pointe-aux-trembles,aire de jeu - enfant
1225,003-0071,aire de jeu 18 mois à 5 ans,ahuntsic-cartierville,aire de jeu - enfant
1226,074-0001,soccer / football,saint-laurent,sportif
1227,004-0413,aire de jeu  5 à 12 ans,mercier-hochelaga-maisonneuve,aire de jeu - enfant
1228,052-0017,patinoire avec bandes,le plateau-mont-royal,récréatif
1229,073-0108,soccer à 11,saint-léonard,sportif
1230,073-0085,soccer à 11,rivière-des-prairies-pointe-aux-trembles,sportif
1231,076-0072,soccer à 7,côte-des-neiges-notre-dame-de-grâce,sportif
1232,075-0030,soccer à 4-5,pierrefonds-roxboro,sportif
1233,003-0212,aire de jeu 18 mois à 5 ans,pierrefonds-roxboro,aire de jeu - enfant
1234,076-0053,soccer à 7,pierrefonds-roxboro,sportif
1235,075-0010,soccer à 4-5,lachine,sportif
1236,076-0113,soccer à 7,rivière-des-prairies-pointe-aux-trembles,sportif
1237,075-0023,soccer à 4-5,villeray-saint-michel-parc-extension,sportif
1238,003-0280,aire de jeu 18 mois à 5 ans,côte-des-neiges-notre-dame-de-grâce,aire de jeu - enfant
1239,050-0006,pataugeoire,saint-laurent,récréatif
1240,020-0006,belvédère,ville-marie,loisirs et détente
1241,074-0008,soccer / football,lachine,sportif
1242,003-0242,aire de jeu 18 mois à 5 ans,pierrefonds-roxboro,aire de jeu - enfant
1243,089-0051,volleyball de plage,montréal-nord,récréatif
1244,053-0072,patinoire sans bandes,rivière-des-prairies-pointe-aux-trembles,récréatif
1245,004-0070,aire de jeu  5 à 12 ans,ahuntsic-cartierville,aire de jeu - enfant
1246,003-0248,aire de jeu 18 mois à 5 ans,l'île-bizard-sainte-geneviève,aire de jeu - enfant
1247,076-0055,soccer à 7,pierrefonds-roxboro,sportif
1248,053-0066,patinoire sans bandes,le sud-ouest,récréatif
1249,013-0036,aire d'exercice canin,le sud-ouest,loisirs et détente
1250,053-0046,patinoire sans bandes,pierrefonds-roxboro,récréatif
1251,055-0017,piscine extérieure,lachine,récréatif
1252,042-0019,jeux d'eau,le plateau-mont-royal,récréatif
1253,073-0019,soccer à 11,lachine,sportif
1254,003-0101,aire de jeu 18 mois à 5 ans,lachine,aire de jeu - enfant
1255,018-0083,basketball,côte-des-neiges-notre-dame-de-grâce,récréatif
1256,053-0043,patinoire sans bandes,ville-marie,récréatif
1257,073-0024,soccer à 11,lachine,sportif
1258,076-0021,soccer à 7,lachine,sportif
1259,003-0445,aire de jeu 18 mois à 5 ans,montréal-nord,aire de jeu - enfant
1260,042-0059,jeux d'eau,l'île-bizard-sainte-geneviève,récréatif
1261,058-0010,piste d'athlétisme (400m) et équipements,côte-des-neiges-notre-dame-de-grâce,sportif
1262,072-0011,anneau / rond de glace,saint-laurent,loisirs et détente
1263,050-0079,pataugeoire,mercier-hochelaga-maisonneuve,récréatif
1264,016-0113,balle,le sud-ouest,sportif
1265,003-0320,aire de jeu 18 mois à 5 ans,verdun,aire de jeu - enfant
1266,048-0005,palet,mercier-hochelaga-maisonneuve,loisirs et détente
1267,075-0032,soccer à 4-5,pierrefonds-roxboro,sportif
1268,003-0120,aire de jeu 18 mois à 5 ans,rosemont-la petite-patrie,aire de jeu - enfant
1269,053-0045,patinoire sans bandes,ville-marie,récréatif
1270,085-0001,traversier,l'île-bizard-sainte-geneviève,plein air
1271,076-0137,soccer à 7,mercier-hochelaga-maisonneuve,sportif
1272,021-0045,bocce,mercier-hochelaga-maisonneuve,loisirs et détente
1273,016-0040,balle,lachine,sportif
1274,003-0085,aire de jeu 18 mois à 5 ans,ahuntsic-cartierville,aire de jeu - enfant
1275,004-0117,aire de jeu  5 à 12 ans,rosemont-la petite-patrie,aire de jeu - enfant
1276,003-0081,aire de jeu 18 mois à 5 ans,ahuntsic-cartierville,aire de jeu - enfant
1277,086-0001,tyrolienne,ville-marie,plein air
1278,004-0359,aire de jeu  5 à 12 ans,rivière-des-prairies-pointe-aux-trembles,aire de jeu - enfant
1279,022-0005,boisé,saint-léonard,plein air
1280,095-0081,pétanque,mercier-hochelaga-maisonneuve,loisirs et détente
1281,003-0203,aire de jeu 18 mois à 5 ans,pierrefonds-roxboro,aire de jeu - enfant
1282,003-0424,aire de jeu 18 mois à 5 ans,rivière-des-prairies-pointe-aux-trembles,aire de jeu - enfant
1283,052-0119,patinoire avec bandes,mercier-hochelaga-maisonneuve,récréatif
1284,053-0070,patinoire sans bandes,rivière-des-prairies-pointe-aux-trembles,récréatif
1285,016-0118,balle,rivière-des-prairies-pointe-aux-trembles,sportif
1286,063-0017,quai,mercier-hochelaga-maisonneuve,plein air
1287,032-0018,fer / galet,mercier-hochelaga-maisonneuve,loisirs et détente
1288,052-0083,patinoire avec bandes,côte-des-neiges-notre-dame-de-grâce,récréatif
1289,052-0046,patinoire avec bandes,rosemont-la petite-patrie,récréatif
1290,016-0005,balle,saint-laurent,sportif
1291,042-0109,jeux d'eau,rivière-des-prairies-pointe-aux-trembles,récréatif
1292,003-0112,aire de jeu 18 mois à 5 ans,lachine,aire de jeu - enfant
1293,021-0004,bocce,ahuntsic-cartierville,loisirs et détente
1294,095-0067,pétanque,rivière-des-prairies-pointe-aux-trembles,loisirs et détente
1295,003-0418,aire de jeu 18 mois à 5 ans,rivière-des-prairies-pointe-aux-trembles,aire de jeu - enfant
1296,069-0006,sentier de raquette,l'île-bizard-sainte-geneviève,plein air
1297,003-0426,aire de jeu 18 mois à 5 ans,rivière-des-prairies-pointe-aux-trembles,aire de jeu - enfant
1298,055-0007,piscine extérieure,saint-laurent,récréatif
1299,003-0073,aire de jeu 18 mois à 5 ans,ahuntsic-cartierville,aire de jeu - enfant
1300,009-0022,aire de pique-nique,pierrefonds-roxboro,plein air
1301,099-0001,patinoire d'improvisation,rosemont-la petite-patrie,loisirs et détente
1302,073-0058,soccer à 11,côte-des-neiges-notre-dame-de-grâce,sportif
1303,052-0012,patinoire avec bandes,saint-laurent,récréatif
1304,004-0444,aire de jeu  5 à 12 ans,saint-léonard,aire de jeu - enfant
1305,004-0161,aire de jeu  5 à 12 ans,ville-marie,aire de jeu - enfant
1306,003-0213,aire de jeu 18 mois à 5 ans,pierrefonds-roxboro,aire de jeu - enfant
1307,018-0059,basketball,ville-marie,récréatif
1308,001-0022,abri soleil,anjou,plein air
1309,076-0159,soccer à 7,saint-laurent,sportif
1310,004-0114,aire de jeu  5 à 12 ans,rosemont-la petite-patrie,aire de jeu - enfant
1311,003-0383,aire de jeu 18 mois à 5 ans,rivière-des-prairies-pointe-aux-trembles,aire de jeu - enfant
1312,016-0116,balle,le sud-ouest,sportif
1313,032-0010,fer / galet,le sud-ouest,loisirs et détente
1314,018-0062,basketball,ville-marie,récréatif
1315,013-0034,aire d'exercice canin,le sud-ouest,loisirs et détente
1316,075-0059,soccer à 4-5,le sud-ouest,sportif
1317,012-0018,aire d'entraînement pour adultes,côte-des-neiges-notre-dame-de-grâce,loisirs et détente
1318,052-0052,patinoire avec bandes,villeray-saint-michel-parc-extension,récréatif
1319,016-0046,balle,rosemont-la petite-patrie,sportif
1320,004-0343,aire de jeu  5 à 12 ans,rivière-des-prairies-pointe-aux-trembles,aire de jeu - enfant
1321,042-0083,jeux d'eau,verdun,récréatif
1322,028-0001,croquet,ahuntsic-cartierville,récréatif
1323,048-0001,palet,lasalle,loisirs et détente
1324,050-0032,pataugeoire,rosemont-la petite-patrie,récréatif
1325,072-0022,anneau / rond de glace,verdun,loisirs et détente
1326,003-0025,aire de jeu 18 mois à 5 ans,saint-laurent,aire de jeu - enfant
1327,048-0003,palet,lasalle,loisirs et détente
1328,018-0086,basketball,verdun,récréatif
1329,016-0092,balle,côte-des-neiges-notre-dame-de-grâce,sportif
1330,052-0131,patinoire avec bandes,saint-léonard,récréatif
1331,003-0163,aire de jeu 18 mois à 5 ans,villeray-saint-michel-parc-extension,aire de jeu - enfant
1332,063-0006,quai,lachine,plein air
1333,016-0153,balle,anjou,sportif
1334,004-0084,aire de jeu  5 à 12 ans,ahuntsic-cartierville,aire de jeu - enfant
1335,003-0278,aire de jeu 18 mois à 5 ans,côte-des-neiges-notre-dame-de-grâce,aire de jeu - enfant
1336,003-0290,aire de jeu 18 mois à 5 ans,côte-des-neiges-notre-dame-de-grâce,aire de jeu - enfant
1337,071-0033,sentier pédestre,côte-des-neiges-notre-dame-de-grâce,plein air
1338,004-0193,aire de jeu  5 à 12 ans,pierrefonds-roxboro,aire de jeu - enfant
1339,052-0101,patinoire avec bandes,le sud-ouest,récréatif
1340,004-0247,aire de jeu  5 à 12 ans,côte-des-neiges-notre-dame-de-grâce,aire de jeu - enfant
1341,073-0025,soccer à 11,rosemont-la petite-patrie,sportif
1342,072-0019,anneau / rond de glace,pierrefonds-roxboro,loisirs et détente
1343,042-0042,jeux d'eau,villeray-saint-michel-parc-extension,récréatif
1344,064-0003,rampe de mise à l'eau / descente de bateaux,lachine,plein air
1345,003-0315,aire de jeu 18 mois à 5 ans,verdun,aire de jeu - enfant
1346,004-0249,aire de jeu  5 à 12 ans,côte-des-neiges-notre-dame-de-grâce,aire de jeu - enfant
1347,076-0156,soccer à 7,saint-léonard,sportif
1348,003-0093,aire de jeu 18 mois à 5 ans,ahuntsic-cartierville,aire de jeu - enfant
1349,016-0119,balle,rivière-des-prairies-pointe-aux-trembles,sportif
1350,094-0001,hébertisme urbain,ville-marie,récréatif
1351,004-0393,aire de jeu  5 à 12 ans,montréal-nord,aire de jeu - enfant
1352,052-0123,patinoire avec bandes,anjou,récréatif
1353,003-0187,aire de jeu 18 mois à 5 ans,ville-marie,aire de jeu - enfant
1354,018-0022,basketball,ahuntsic-cartierville,récréatif
1355,003-0336,aire de jeu 18 mois à 5 ans,lasalle,aire de jeu - enfant
1356,076-0080,soccer à 7,lasalle,sportif
1357,018-0096,basketball,lasalle,récréatif
1358,100-0004,sentier multifonctionnel,le sud-ouest,plein air
1359,012-0045,aire d'entraînement pour adultes,pierrefonds-roxboro,loisirs et détente
1360,020-0020,belvédère,rivière-des-prairies-pointe-aux-trembles,loisirs et détente
1361,003-0339,aire de jeu 18 mois à 5 ans,lasalle,aire de jeu - enfant
1362,009-0030,aire de pique-nique,côte-des-neiges-notre-dame-de-grâce,plein air
1363,004-0396,aire de jeu  5 à 12 ans,montréal-nord,aire de jeu - enfant
1364,003-0369,aire de jeu 18 mois à 5 ans,le sud-ouest,aire de jeu - enfant
1365,003-0147,aire de jeu 18 mois à 5 ans,villeray-saint-michel-parc-extension,aire de jeu - enfant
1366,003-0097,aire de jeu 18 mois à 5 ans,lachine,aire de jeu - enfant
1367,020-0017,belvédère,verdun,loisirs et détente
1368,004-0317,aire de jeu  5 à 12 ans,le sud-ouest,aire de jeu - enfant
1369,050-0047,pataugeoire,pierrefonds-roxboro,récréatif
1370,021-0063,bocce,rosemont-la petite-patrie,loisirs et détente
1371,021-0033,bocce,le sud-ouest,loisirs et détente
1372,052-0043,patinoire avec bandes,rosemont-la petite-patrie,récréatif
1373,055-0051,piscine extérieure,lasalle,récréatif
1374,003-0459,aire de jeu 18 mois à 5 ans,mercier-hochelaga-maisonneuve,aire de jeu - enfant
1375,042-0066,jeux d'eau,côte-des-neiges-notre-dame-de-grâce,récréatif
1376,095-0093,pétanque,anjou,loisirs et détente
1377,048-0014,palet,ahuntsic-cartierville,loisirs et détente
1378,003-0230,aire de jeu 18 mois à 5 ans,pierrefonds-roxboro,aire de jeu - enfant
1379,053-0044,patinoire sans bandes,ville-marie,récréatif
1380,016-0112,balle,le sud-ouest,sportif
1381,004-0205,aire de jeu  5 à 12 ans,pierrefonds-roxboro,aire de jeu - enfant
1382,003-0432,aire de jeu 18 mois à 5 ans,montréal-nord,aire de jeu - enfant
1383,004-0188,aire de jeu  5 à 12 ans,pierrefonds-roxboro,aire de jeu - enfant
1384,013-0035,aire d'exercice canin,le sud-ouest,loisirs et détente
1385,053-0063,patinoire sans bandes,verdun,récréatif
1386,009-0013,aire de pique-nique,ville-marie,plein air
1387,004-0313,aire de jeu  5 à 12 ans,le sud-ouest,aire de jeu - enfant
1388,049-0021,pastille - basketball,lasalle,récréatif
1389,055-0028,piscine extérieure,ville-marie,récréatif
1390,017-0001,balle au mur,le sud-ouest,récréatif
1391,055-0043,piscine extérieure,verdun,récréatif
1392,028-0010,croquet,mercier-hochelaga-maisonneuve,récréatif
1393,031-0011,étang / lac,ville-marie,plein air
1394,081-0078,tennis,rivière-des-prairies-pointe-aux-trembles,sportif
1395,004-0285,aire de jeu  5 à 12 ans,lasalle,aire de jeu - enfant
1396,081-0053,tennis,côte-des-neiges-notre-dame-de-grâce,sportif
1397,003-0143,aire de jeu 18 mois à 5 ans,villeray-saint-michel-parc-extension,aire de jeu - enfant
1398,003-0075,aire de jeu 18 mois à 5 ans,ahuntsic-cartierville,aire de jeu - enfant
1399,021-0029,bocce,côte-des-neiges-notre-dame-de-grâce,loisirs et détente
1400,004-0096,aire de jeu  5 à 12 ans,lachine,aire de jeu - enfant
1401,071-0051,sentier pédestre,lasalle,plein air
1402,050-0035,pataugeoire,villeray-saint-michel-parc-extension,récréatif
1403,071-0009,sentier pédestre,ahuntsic-cartierville,plein air
1404,042-0136,jeux d'eau,saint-léonard,récréatif
1405,010-0023,aire de planche à roulette,rivière-des-prairies-pointe-aux-trembles,récréatif
1406,010-0001,aire de planche à roulette,saint-laurent,récréatif
1407,045-0006,multisport,villeray-saint-michel-parc-extension,sportif
1408,009-0041,aire de pique-nique,rivière-des-prairies-pointe-aux-trembles,plein air
1409,003-0466,aire de jeu 18 mois à 5 ans,mercier-hochelaga-maisonneuve,aire de jeu - enfant
1410,003-0394,aire de jeu 18 mois à 5 ans,rivière-des-prairies-pointe-aux-trembles,aire de jeu - enfant
1411,018-0015,basketball,saint-laurent,récréatif
1412,003-0261,aire de jeu 18 mois à 5 ans,l'île-bizard-sainte-geneviève,aire de jeu - enfant
1413,004-0231,aire de jeu  5 à 12 ans,côte-des-neiges-notre-dame-de-grâce,aire de jeu - enfant
1414,004-0147,aire de jeu  5 à 12 ans,villeray-saint-michel-parc-extension,aire de jeu - enfant
1415,004-0282,aire de jeu  5 à 12 ans,lasalle,aire de jeu - enfant
1416,095-0026,pétanque,rosemont-la petite-patrie,loisirs et détente
1417,042-0006,jeux d'eau,saint-laurent,récréatif
1418,003-0356,aire de jeu 18 mois à 5 ans,le sud-ouest,aire de jeu - enfant
1419,003-0244,aire de jeu 18 mois à 5 ans,pierrefonds-roxboro,aire de jeu - enfant
1420,042-0129,jeux d'eau,mercier-hochelaga-maisonneuve,récréatif
1421,070-0030,sentier de ski de fond,rivière-des-prairies-pointe-aux-trembles,plein air
1422,027-0002,cricket,verdun,sportif
1423,075-0036,soccer à 4-5,pierrefonds-roxboro,sportif
1424,003-0287,aire de jeu 18 mois à 5 ans,côte-des-neiges-notre-dame-de-grâce,aire de jeu - enfant
1425,016-0062,balle,villeray-saint-michel-parc-extension,sportif
1426,049-0007,pastille - basketball,ahuntsic-cartierville,récréatif
1427,012-0003,aire d'entraînement pour adultes,saint-laurent,loisirs et détente
1428,003-0506,aire de jeu 18 mois à 5 ans,saint-léonard,aire de jeu - enfant
1429,051-0005,patinoire réfrigérée / basketball,ahuntsic-cartierville,récréatif
1430,043-0002,marina,lachine,plein air
1431,018-0043,basketball,villeray-saint-michel-parc-extension,récréatif
1432,095-0037,pétanque,rosemont-la petite-patrie,loisirs et détente
1433,004-0112,aire de jeu  5 à 12 ans,rosemont-la petite-patrie,aire de jeu - enfant
1434,073-0082,soccer à 11,rivière-des-prairies-pointe-aux-trembles,sportif
1435,095-0077,pétanque,mercier-hochelaga-maisonneuve,loisirs et détente
1436,055-0031,piscine extérieure,pierrefonds-roxboro,récréatif
1437,008-0012,aire de pêche autorisée,l'île-bizard-sainte-geneviève,plein air
1438,003-0013,aire de jeu 18 mois à 5 ans,saint-laurent,aire de jeu - enfant
1439,076-0123,soccer à 7,montréal-nord,sportif
1440,016-0056,balle,rosemont-la petite-patrie,sportif
1441,018-0016,basketball,le plateau-mont-royal,récréatif
1442,076-0018,soccer à 7,ahuntsic-cartierville,sportif
1443,003-0413,aire de jeu 18 mois à 5 ans,rivière-des-prairies-pointe-aux-trembles,aire de jeu - enfant
1444,052-0133,patinoire avec bandes,saint-léonard,récréatif
1445,042-0130,jeux d'eau,mercier-hochelaga-maisonneuve,récréatif
1446,042-0110,jeux d'eau,rivière-des-prairies-pointe-aux-trembles,récréatif
1447,081-0031,tennis,outremont,sportif
1448,081-0079,tennis,rivière-des-prairies-pointe-aux-trembles,sportif
1449,072-0031,anneau / rond de glace,le plateau-mont-royal,loisirs et détente
1450,052-0097,patinoire avec bandes,le sud-ouest,récréatif
1451,059-0002,piste d'athlétisme (440m) et équipements,côte-des-neiges-notre-dame-de-grâce,sportif
1452,050-0001,pataugeoire,saint-laurent,récréatif
1453,004-0094,aire de jeu  5 à 12 ans,lachine,aire de jeu - enfant
1454,034-0001,football,saint-laurent,sportif
1455,004-0428,aire de jeu  5 à 12 ans,mercier-hochelaga-maisonneuve,aire de jeu - enfant
1456,050-0042,pataugeoire,outremont,récréatif
1457,073-0032,soccer à 11,villeray-saint-michel-parc-extension,sportif
1458,070-0009,sentier de ski de fond,lachine,plein air
1459,004-0283,aire de jeu  5 à 12 ans,lasalle,aire de jeu - enfant
1460,004-0411,aire de jeu  5 à 12 ans,mercier-hochelaga-maisonneuve,aire de jeu - enfant
1461,004-0284,aire de jeu  5 à 12 ans,lasalle,aire de jeu - enfant
1462,070-0012,sentier de ski de fond,lachine,plein air
1463,053-0018,patinoire sans bandes,lachine,récréatif
1464,095-0024,pétanque,lachine,loisirs et détente
1465,081-0022,tennis,rosemont-la petite-patrie,sportif
1466,052-0113,patinoire avec bandes,montréal-nord,récréatif
1467,004-0101,aire de jeu  5 à 12 ans,rosemont-la petite-patrie,aire de jeu - enfant
1468,003-0348,aire de jeu 18 mois à 5 ans,lasalle,aire de jeu - enfant
1469,081-0055,tennis,verdun,sportif
1470,003-0217,aire de jeu 18 mois à 5 ans,pierrefonds-roxboro,aire de jeu - enfant
1471,009-0036,aire de pique-nique,lasalle,plein air
1472,089-0023,volleyball de plage,ahuntsic-cartierville,récréatif
1473,004-0448,aire de jeu  5 à 12 ans,saint-léonard,aire de jeu - enfant
1474,028-0009,croquet,mercier-hochelaga-maisonneuve,récréatif
1475,016-0134,balle,mercier-hochelaga-maisonneuve,sportif
1476,013-0014,aire d'exercice canin,rosemont-la petite-patrie,loisirs et détente
1477,003-0115,aire de jeu 18 mois à 5 ans,rosemont-la petite-patrie,aire de jeu - enfant
1478,074-0016-76-s2,soccer sous-terrain à 7,côte-des-neiges-notre-dame-de-grâce,sportif
1479,050-0005,pataugeoire,saint-laurent,récréatif
1480,042-0156,jeux d'eau,rosemont-la petite-patrie,récréatif
1481,003-0360,aire de jeu 18 mois à 5 ans,le sud-ouest,aire de jeu - enfant
1482,076-0048,soccer à 7,pierrefonds-roxboro,sportif
1483,052-0121,patinoire avec bandes,mercier-hochelaga-maisonneuve,récréatif
1484,095-0088,pétanque,mercier-hochelaga-maisonneuve,loisirs et détente
1485,003-0395,aire de jeu 18 mois à 5 ans,rivière-des-prairies-pointe-aux-trembles,aire de jeu - enfant
1486,003-0277,aire de jeu 18 mois à 5 ans,côte-des-neiges-notre-dame-de-grâce,aire de jeu - enfant
1487,012-0040,aire d'entraînement pour adultes,saint-léonard,loisirs et détente
1488,042-0075,jeux d'eau,verdun,récréatif
1489,004-0252,aire de jeu  5 à 12 ans,verdun,aire de jeu - enfant
1490,075-0063,soccer à 4-5,montréal-nord,sportif
1491,009-0043,aire de pique-nique,rivière-des-prairies-pointe-aux-trembles,plein air
1492,021-0050,bocce,anjou,loisirs et détente
1493,052-0078,patinoire avec bandes,côte-des-neiges-notre-dame-de-grâce,récréatif
1494,042-0014,jeux d'eau,saint-laurent,récréatif
1495,050-0058,pataugeoire,le sud-ouest,récréatif
1496,049-0020,pastille - basketball,lasalle,récréatif
1497,004-0322,aire de jeu  5 à 12 ans,le sud-ouest,aire de jeu - enfant
1498,076-0145,soccer à 7,anjou,sportif
1499,003-0505,aire de jeu 18 mois à 5 ans,saint-léonard,aire de jeu - enfant
1500,058-0008,piste d'athlétisme (400m) et équipements,pierrefonds-roxboro,sportif
1501,062-0002,plancher de danse,mercier-hochelaga-maisonneuve,loisirs et détente
1502,076-0047,soccer à 7,pierrefonds-roxboro,sportif
1503,050-0015,pataugeoire,ahuntsic-cartierville,récréatif
1504,073-0096,soccer à 11,mercier-hochelaga-maisonneuve,sportif
1505,034-0009,football,lasalle,sportif
1506,055-0047,piscine extérieure,lasalle,récréatif
1507,005-0001,aire de jeu combiné,villeray-saint-michel-parc-extension,aire de jeu - enfant
1508,095-0071,pétanque,montréal-nord,loisirs et détente
1509,050-0064,pataugeoire,rivière-des-prairies-pointe-aux-trembles,récréatif
1510,018-0004,basketball,saint-laurent,récréatif
1511,004-0237,aire de jeu  5 à 12 ans,côte-des-neiges-notre-dame-de-grâce,aire de jeu - enfant
1512,049-0022,pastille - basketball,le sud-ouest,récréatif
1513,009-0033,aire de pique-nique,côte-des-neiges-notre-dame-de-grâce,plein air
1514,073-0055,soccer à 11,côte-des-neiges-notre-dame-de-grâce,sportif
1515,003-0471,aire de jeu 18 mois à 5 ans,mercier-hochelaga-maisonneuve,aire de jeu - enfant
1516,003-0193,aire de jeu 18 mois à 5 ans,ville-marie,aire de jeu - enfant
1517,076-0095,soccer à 7,le sud-ouest,sportif
1518,016-0163,balle,rosemont-la petite-patrie,sportif
1519,053-0074,patinoire sans bandes,rivière-des-prairies-pointe-aux-trembles,récréatif
1520,076-0107,soccer à 7,rivière-des-prairies-pointe-aux-trembles,sportif
1521,009-0028,aire de pique-nique,côte-des-neiges-notre-dame-de-grâce,plein air
1522,018-0013,basketball,saint-laurent,récréatif
1523,004-0404,aire de jeu  5 à 12 ans,mercier-hochelaga-maisonneuve,aire de jeu - enfant
1524,012-0057,aire d'entraînement pour adultes,saint-léonard,loisirs et détente
1525,050-0080,pataugeoire,mercier-hochelaga-maisonneuve,récréatif
1526,003-0200,aire de jeu 18 mois à 5 ans,ville-marie,aire de jeu - enfant
1527,003-0032,aire de jeu 18 mois à 5 ans,saint-laurent,aire de jeu - enfant
1528,073-0046-76-s2,soccer sous-terrain à 7,pierrefonds-roxboro,sportif
1529,004-0403,aire de jeu  5 à 12 ans,mercier-hochelaga-maisonneuve,aire de jeu - enfant
1530,016-0088,balle,côte-des-neiges-notre-dame-de-grâce,sportif
1531,003-0191,aire de jeu 18 mois à 5 ans,ville-marie,aire de jeu - enfant
1532,051-0002,patinoire réfrigérée,verdun,récréatif
1533,004-0215,aire de jeu  5 à 12 ans,pierrefonds-roxboro,aire de jeu - enfant
1534,076-0023,soccer à 7,lachine,sportif
1535,073-0046,soccer à 11,pierrefonds-roxboro,sportif
1536,076-0144,soccer à 7,anjou,sportif
1537,021-0010,bocce,lachine,loisirs et détente
1538,016-0021,balle,ahuntsic-cartierville,sportif
1539,004-0260,aire de jeu  5 à 12 ans,verdun,aire de jeu - enfant
1540,021-0049,bocce,anjou,loisirs et détente
1541,004-0075,aire de jeu  5 à 12 ans,ahuntsic-cartierville,aire de jeu - enfant
1542,075-0064,soccer à 4-5,montréal-nord,sportif
1543,016-0016,balle,ahuntsic-cartierville,sportif
1544,004-0233,aire de jeu  5 à 12 ans,côte-des-neiges-notre-dame-de-grâce,aire de jeu - enfant
1545,081-0100,tennis,saint-léonard,sportif
1546,081-0005,tennis,saint-laurent,sportif
1547,003-0403,aire de jeu 18 mois à 5 ans,rivière-des-prairies-pointe-aux-trembles,aire de jeu - enfant
1548,042-0132,jeux d'eau,anjou,récréatif
1549,052-0122,patinoire avec bandes,mercier-hochelaga-maisonneuve,récréatif
1550,003-0300,aire de jeu 18 mois à 5 ans,verdun,aire de jeu - enfant
1551,003-0208,aire de jeu 18 mois à 5 ans,pierrefonds-roxboro,aire de jeu - enfant
1552,058-0016,piste d'athlétisme (400m) et équipements,rivière-des-prairies-pointe-aux-trembles,sportif
1553,071-0055,sentier pédestre,rivière-des-prairies-pointe-aux-trembles,plein air
1554,074-0012,soccer / football,ville-marie,sportif
1555,056-0010,piste cyclable,saint-laurent,plein air
1556,042-0113,jeux d'eau,rivière-des-prairies-pointe-aux-trembles,récréatif
1557,081-0026,tennis,villeray-saint-michel-parc-extension,sportif
1558,076-0097,soccer à 7,le sud-ouest,sportif
1559,072-0007,anneau / rond de glace,saint-laurent,loisirs et détente
1560,095-0021,pétanque,lachine,loisirs et détente
1561,071-0016,sentier pédestre,ahuntsic-cartierville,plein air
1562,062-0001,plancher de danse,verdun,loisirs et détente
1563,018-0068,basketball,pierrefonds-roxboro,récréatif
1564,063-0010,quai,verdun,plein air
1565,075-0019,soccer à 4-5,lachine,sportif
1566,004-0311,aire de jeu  5 à 12 ans,le sud-ouest,aire de jeu - enfant
1567,073-0039,soccer à 11,ville-marie,sportif
1568,042-0046,jeux d'eau,villeray-saint-michel-parc-extension,récréatif
1569,076-0090,soccer à 7,lasalle,sportif
1570,003-0465,aire de jeu 18 mois à 5 ans,mercier-hochelaga-maisonneuve,aire de jeu - enfant
1571,003-0275,aire de jeu 18 mois à 5 ans,côte-des-neiges-notre-dame-de-grâce,aire de jeu - enfant
1572,016-0117,balle,rivière-des-prairies-pointe-aux-trembles,sportif
1573,075-0068,soccer à 4-5,mercier-hochelaga-maisonneuve,sportif
1574,009-0048,aire de pique-nique,montréal-nord,plein air
1575,004-0132,aire de jeu  5 à 12 ans,villeray-saint-michel-parc-extension,aire de jeu - enfant
1576,055-0065,piscine extérieure,mercier-hochelaga-maisonneuve,récréatif
1577,074-0021,soccer / football,verdun,sportif
1578,020-0033,belvédère,mercier-hochelaga-maisonneuve,loisirs et détente
1579,095-0062,pétanque,rivière-des-prairies-pointe-aux-trembles,loisirs et détente
1580,002-0014,aire de glissade,rosemont-la petite-patrie,loisirs et détente
1581,045-0004,multisport,anjou,sportif
1582,004-0216,aire de jeu  5 à 12 ans,pierrefonds-roxboro,aire de jeu - enfant
1583,003-0235,aire de jeu 18 mois à 5 ans,pierrefonds-roxboro,aire de jeu - enfant
1584,004-0197,aire de jeu  5 à 12 ans,pierrefonds-roxboro,aire de jeu - enfant
1585,076-0045,soccer à 7,ville-marie,sportif
1586,055-0070,piscine extérieure,anjou,récréatif
1587,021-0012,bocce,rosemont-la petite-patrie,loisirs et détente
1588,089-0020,volleyball de plage,ahuntsic-cartierville,récréatif
1589,010-0026,aire de planche à roulette,montréal-nord,récréatif
1590,050-0069,pataugeoire,montréal-nord,récréatif
1591,037-0003,grève / plage,pierrefonds-roxboro,plein air
1592,003-0131,aire de jeu 18 mois à 5 ans,rosemont-la petite-patrie,aire de jeu - enfant
1593,070-0007,sentier de ski de fond,lachine,plein air
1594,028-0007,croquet,lachine,récréatif
1595,095-0089,pétanque,mercier-hochelaga-maisonneuve,loisirs et détente
1596,003-0067,aire de jeu 18 mois à 5 ans,ahuntsic-cartierville,aire de jeu - enfant
1597,003-0304,aire de jeu 18 mois à 5 ans,verdun,aire de jeu - enfant
1598,053-0026,patinoire sans bandes,rosemont-la petite-patrie,récréatif
1599,034-0011,football,saint-léonard,sportif
1600,003-0344,aire de jeu 18 mois à 5 ans,lasalle,aire de jeu - enfant
1601,089-0017,volleyball de plage,ahuntsic-cartierville,récréatif
1602,004-0323,aire de jeu  5 à 12 ans,le sud-ouest,aire de jeu - enfant
1603,010-0029,aire de planche à roulette,saint-léonard,récréatif
1604,003-0390,aire de jeu 18 mois à 5 ans,rivière-des-prairies-pointe-aux-trembles,aire de jeu - enfant
1605,004-0443,aire de jeu  5 à 12 ans,saint-léonard,aire de jeu - enfant
1606,003-0447,aire de jeu 18 mois à 5 ans,mercier-hochelaga-maisonneuve,aire de jeu - enfant
1607,010-0004,aire de planche à roulette,lachine,récréatif
1608,042-0085,jeux d'eau,verdun,récréatif
1609,051-0008,patinoire réfrigérée,ville-marie,récréatif
1610,004-0374,aire de jeu  5 à 12 ans,rivière-des-prairies-pointe-aux-trembles,aire de jeu - enfant
1611,034-0012,football,saint-léonard,sportif
1612,004-0226,aire de jeu  5 à 12 ans,l'île-bizard-sainte-geneviève,aire de jeu - enfant
1613,076-0020,soccer à 7,lachine,sportif
1614,042-0023,jeux d'eau,ahuntsic-cartierville,récréatif
1615,003-0039,aire de jeu 18 mois à 5 ans,le plateau-mont-royal,aire de jeu - enfant
1616,004-0258,aire de jeu  5 à 12 ans,verdun,aire de jeu - enfant
1617,003-0056,aire de jeu 18 mois à 5 ans,le plateau-mont-royal,aire de jeu - enfant
1618,003-0106,aire de jeu 18 mois à 5 ans,lachine,aire de jeu - enfant
1619,004-0385,aire de jeu  5 à 12 ans,montréal-nord,aire de jeu - enfant
1620,071-0048,sentier pédestre,verdun,plein air
1621,018-0094,basketball,lasalle,récréatif
1622,003-0322,aire de jeu 18 mois à 5 ans,verdun,aire de jeu - enfant
1623,004-0232,aire de jeu  5 à 12 ans,côte-des-neiges-notre-dame-de-grâce,aire de jeu - enfant
1624,004-0167,aire de jeu  5 à 12 ans,ville-marie,aire de jeu - enfant
1625,071-0039,sentier pédestre,pierrefonds-roxboro,plein air
1626,095-0041,pétanque,ville-marie,loisirs et détente
1627,042-0061,jeux d'eau,côte-des-neiges-notre-dame-de-grâce,récréatif
1628,003-0358,aire de jeu 18 mois à 5 ans,le sud-ouest,aire de jeu - enfant
1629,018-0079,basketball,côte-des-neiges-notre-dame-de-grâce,récréatif
1630,004-0234,aire de jeu  5 à 12 ans,côte-des-neiges-notre-dame-de-grâce,aire de jeu - enfant
1631,053-0023,patinoire sans bandes,rosemont-la petite-patrie,récréatif
1632,018-0127,basketball,mercier-hochelaga-maisonneuve,récréatif
1633,042-0062,jeux d'eau,côte-des-neiges-notre-dame-de-grâce,récréatif
1634,073-0078,soccer à 11,rivière-des-prairies-pointe-aux-trembles,sportif
1635,016-0070,balle,villeray-saint-michel-parc-extension,sportif
1636,016-0142,balle,mercier-hochelaga-maisonneuve,sportif
1637,003-0003,aire de jeu 18 mois à 5 ans,saint-laurent,aire de jeu - enfant
1638,016-0145,balle,mercier-hochelaga-maisonneuve,sportif
1639,081-0077,tennis,rivière-des-prairies-pointe-aux-trembles,sportif
1640,003-0098,aire de jeu 18 mois à 5 ans,lachine,aire de jeu - enfant
1641,095-0099,pétanque,outremont,loisirs et détente
1642,016-0135,balle,mercier-hochelaga-maisonneuve,sportif
1643,075-0062,soccer à 4-5,montréal-nord,sportif
1644,016-0152,balle,anjou,sportif
1645,076-0026,soccer à 7,rosemont-la petite-patrie,sportif
1646,004-0276,aire de jeu  5 à 12 ans,verdun,aire de jeu - enfant
1647,075-0022,soccer à 4-5,rosemont-la petite-patrie,sportif
1648,004-0214,aire de jeu  5 à 12 ans,pierrefonds-roxboro,aire de jeu - enfant
1649,074-0014,soccer / football,l'île-bizard-sainte-geneviève,sportif
1650,018-0099,basketball,lasalle,récréatif
1651,081-0101,tennis,saint-léonard,sportif
1652,002-0017,aire de glissade,villeray-saint-michel-parc-extension,loisirs et détente
1653,053-0017,patinoire sans bandes,lachine,récréatif
1654,012-0006,aire d'entraînement pour adultes,le plateau-mont-royal,loisirs et détente
1655,076-0068,soccer à 7,côte-des-neiges-notre-dame-de-grâce,sportif
1656,076-0141,soccer à 7,anjou,sportif
1657,016-0050,balle,rosemont-la petite-patrie,sportif
1658,052-0115,patinoire avec bandes,mercier-hochelaga-maisonneuve,récréatif
1659,076-0063,soccer à 7,l'île-bizard-sainte-geneviève,sportif
1660,013-0009,aire d'exercice canin,ahuntsic-cartierville,loisirs et détente
1661,003-0027,aire de jeu 18 mois à 5 ans,saint-laurent,aire de jeu - enfant
1662,020-0023,belvédère,ahuntsic-cartierville,loisirs et détente
1663,003-0329,aire de jeu 18 mois à 5 ans,lasalle,aire de jeu - enfant
1664,004-0410,aire de jeu  5 à 12 ans,mercier-hochelaga-maisonneuve,aire de jeu - enfant
1665,004-0140,aire de jeu  5 à 12 ans,villeray-saint-michel-parc-extension,aire de jeu - enfant
1666,050-0098,pataugeoire,pierrefonds-roxboro,récréatif
1667,073-0097,soccer à 11,mercier-hochelaga-maisonneuve,sportif
1668,018-0064,basketball,pierrefonds-roxboro,récréatif
1669,052-0048,patinoire avec bandes,rosemont-la petite-patrie,récréatif
1670,004-0131,aire de jeu  5 à 12 ans,villeray-saint-michel-parc-extension,aire de jeu - enfant
1671,033-0001,ferme,pierrefonds-roxboro,loisirs et détente
1672,052-0063,patinoire avec bandes,pierrefonds-roxboro,récréatif
1673,016-0051,balle,rosemont-la petite-patrie,sportif
1674,004-0417,aire de jeu  5 à 12 ans,mercier-hochelaga-maisonneuve,aire de jeu - enfant
1675,003-0414,aire de jeu 18 mois à 5 ans,rivière-des-prairies-pointe-aux-trembles,aire de jeu - enfant
1676,004-0196,aire de jeu  5 à 12 ans,pierrefonds-roxboro,aire de jeu - enfant
1677,018-0030,basketball,lachine,récréatif
1678,053-0010,patinoire sans bandes,ahuntsic-cartierville,récréatif
1679,003-0396,aire de jeu 18 mois à 5 ans,rivière-des-prairies-pointe-aux-trembles,aire de jeu - enfant
1680,003-0349,aire de jeu 18 mois à 5 ans,lasalle,aire de jeu - enfant
1681,016-0102,balle,lasalle,sportif
1682,049-0019,pastille - basketball,lasalle,récréatif
1683,009-0021,aire de pique-nique,pierrefonds-roxboro,plein air
1684,021-0017,bocce,villeray-saint-michel-parc-extension,loisirs et détente
1685,026-0001,circuit de course automobile,ville-marie,sportif
1686,042-0107,jeux d'eau,le sud-ouest,récréatif
1687,002-0003,aire de glissade,saint-laurent,loisirs et détente
1688,067-0012,scène,montréal-nord,loisirs et détente
1689,073-0020,soccer à 11,lachine,sportif
1690,076-0146,soccer à 7,saint-léonard,sportif
1691,003-0392,aire de jeu 18 mois à 5 ans,rivière-des-prairies-pointe-aux-trembles,aire de jeu - enfant
1692,003-0130,aire de jeu 18 mois à 5 ans,rosemont-la petite-patrie,aire de jeu - enfant
1693,009-0024,aire de pique-nique,l'île-bizard-sainte-geneviève,plein air
1694,003-0420,aire de jeu 18 mois à 5 ans,rivière-des-prairies-pointe-aux-trembles,aire de jeu - enfant
1695,044-0002,mini-tennis,mercier-hochelaga-maisonneuve,sportif
1696,073-0024-75-s1,soccer sous-terrain à 4-5,lachine,sportif
1697,052-0085,patinoire avec bandes,côte-des-neiges-notre-dame-de-grâce,récréatif
1698,004-0206,aire de jeu  5 à 12 ans,pierrefonds-roxboro,aire de jeu - enfant
1699,073-0109,soccer à 11,saint-léonard,sportif
1700,018-0106,basketball,rivière-des-prairies-pointe-aux-trembles,récréatif
1701,042-0037,jeux d'eau,rosemont-la petite-patrie,récréatif
1702,055-0052,piscine extérieure,lasalle,récréatif
1703,013-0041,aire d'exercice canin,mercier-hochelaga-maisonneuve,loisirs et détente
1704,003-0079,aire de jeu 18 mois à 5 ans,ahuntsic-cartierville,aire de jeu - enfant
1705,046-0001,mur d'escalade,mercier-hochelaga-maisonneuve,récréatif
1706,042-0106,jeux d'eau,le sud-ouest,récréatif
1707,003-0159,aire de jeu 18 mois à 5 ans,villeray-saint-michel-parc-extension,aire de jeu - enfant
1708,003-0385,aire de jeu 18 mois à 5 ans,rivière-des-prairies-pointe-aux-trembles,aire de jeu - enfant
1709,004-0397,aire de jeu  5 à 12 ans,montréal-nord,aire de jeu - enfant
1710,018-0076,basketball,l'île-bizard-sainte-geneviève,récréatif
1711,003-0370,aire de jeu 18 mois à 5 ans,le sud-ouest,aire de jeu - enfant
1712,004-0454,aire de jeu  5 à 12 ans,le plateau-mont-royal,aire de jeu - enfant
1713,004-0279,aire de jeu  5 à 12 ans,lasalle,aire de jeu - enfant
1714,042-0087,jeux d'eau,lasalle,récréatif
1715,021-0007,bocce,ahuntsic-cartierville,loisirs et détente
1716,004-0026,aire de jeu  5 à 12 ans,saint-laurent,aire de jeu - enfant
1717,003-0335,aire de jeu 18 mois à 5 ans,lasalle,aire de jeu - enfant
1718,071-0021,sentier pédestre,lachine,plein air
1719,097-0001,fontaine,ville-marie,loisirs et détente
1720,004-0223,aire de jeu  5 à 12 ans,pierrefonds-roxboro,aire de jeu - enfant
1721,004-0170,aire de jeu  5 à 12 ans,ville-marie,aire de jeu - enfant
1722,052-0019,patinoire avec bandes,le plateau-mont-royal,récréatif
1723,052-0005,patinoire avec bandes,saint-laurent,récréatif
1724,089-0055,volleyball de plage,mercier-hochelaga-maisonneuve,récréatif
1725,004-0424,aire de jeu  5 à 12 ans,mercier-hochelaga-maisonneuve,aire de jeu - enfant
1726,004-0179,aire de jeu  5 à 12 ans,pierrefonds-roxboro,aire de jeu - enfant
1727,095-0074,pétanque,montréal-nord,loisirs et détente
1728,081-0083,tennis,montréal-nord,sportif
1729,003-0319,aire de jeu 18 mois à 5 ans,verdun,aire de jeu - enfant
1730,013-0021,aire d'exercice canin,ville-marie,loisirs et détente
1731,004-0401,aire de jeu  5 à 12 ans,mercier-hochelaga-maisonneuve,aire de jeu - enfant
1732,081-0076,tennis,rivière-des-prairies-pointe-aux-trembles,sportif
1733,003-0327,aire de jeu 18 mois à 5 ans,lasalle,aire de jeu - enfant
1734,081-0089,tennis,mercier-hochelaga-maisonneuve,sportif
1735,065-0005,patinoire 4 saisons,lachine,récréatif
1736,042-0048,jeux d'eau,ville-marie,récréatif
1737,004-0229,aire de jeu  5 à 12 ans,côte-des-neiges-notre-dame-de-grâce,aire de jeu - enfant
1738,053-0002,patinoire sans bandes,le plateau-mont-royal,récréatif
1739,042-0005,jeux d'eau,saint-laurent,récréatif
1740,016-0108,balle,le sud-ouest,sportif
1741,003-0416,aire de jeu 18 mois à 5 ans,rivière-des-prairies-pointe-aux-trembles,aire de jeu - enfant
1742,075-0043,soccer à 4-5,l'île-bizard-sainte-geneviève,sportif
1743,089-0037,volleyball de plage,l'île-bizard-sainte-geneviève,récréatif
1744,021-0002,bocce,ahuntsic-cartierville,loisirs et détente
1745,052-0057,patinoire avec bandes,outremont,récréatif
1746,003-0162,aire de jeu 18 mois à 5 ans,villeray-saint-michel-parc-extension,aire de jeu - enfant
1747,076-0082,soccer à 7,lasalle,sportif
1748,003-0260,aire de jeu 18 mois à 5 ans,l'île-bizard-sainte-geneviève,aire de jeu - enfant
1749,003-0155,aire de jeu 18 mois à 5 ans,villeray-saint-michel-parc-extension,aire de jeu - enfant
1750,053-0031,patinoire sans bandes,villeray-saint-michel-parc-extension,récréatif
1751,004-0191,aire de jeu  5 à 12 ans,pierrefonds-roxboro,aire de jeu - enfant
1752,095-0036,pétanque,rosemont-la petite-patrie,loisirs et détente
1753,012-0015,aire d'entraînement pour adultes,ville-marie,loisirs et détente
1754,004-0040,aire de jeu  5 à 12 ans,le plateau-mont-royal,aire de jeu - enfant
1755,003-0330,aire de jeu 18 mois à 5 ans,lasalle,aire de jeu - enfant
1756,048-0008,palet,anjou,loisirs et détente
1757,004-0316,aire de jeu  5 à 12 ans,le sud-ouest,aire de jeu - enfant
1758,071-0029,sentier pédestre,rosemont-la petite-patrie,plein air
1759,003-0133,aire de jeu 18 mois à 5 ans,rosemont-la petite-patrie,aire de jeu - enfant
1760,004-0136,aire de jeu  5 à 12 ans,villeray-saint-michel-parc-extension,aire de jeu - enfant
1761,055-0077,piscine extérieure,pierrefonds-roxboro,récréatif
1762,004-0248,aire de jeu  5 à 12 ans,côte-des-neiges-notre-dame-de-grâce,aire de jeu - enfant
1763,034-0004,football,outremont,sportif
1764,089-0009,volleyball de plage,le plateau-mont-royal,récréatif
1765,004-0125,aire de jeu  5 à 12 ans,rosemont-la petite-patrie,aire de jeu - enfant
1766,076-0091,soccer à 7,lasalle,sportif
1767,076-0084,soccer à 7,lasalle,sportif
1768,076-0013,soccer à 7,ahuntsic-cartierville,sportif
1769,076-0154,soccer à 7,saint-léonard,sportif
1770,016-0035,balle,lachine,sportif
1771,081-0021,tennis,rosemont-la petite-patrie,sportif
1772,004-0076,aire de jeu  5 à 12 ans,ahuntsic-cartierville,aire de jeu - enfant
1773,012-0035,aire d'entraînement pour adultes,mercier-hochelaga-maisonneuve,loisirs et détente
1774,003-0148,aire de jeu 18 mois à 5 ans,villeray-saint-michel-parc-extension,aire de jeu - enfant
1775,004-0361,aire de jeu  5 à 12 ans,rivière-des-prairies-pointe-aux-trembles,aire de jeu - enfant
1776,004-0346,aire de jeu  5 à 12 ans,rivière-des-prairies-pointe-aux-trembles,aire de jeu - enfant
1777,010-0011,aire de planche à roulette,villeray-saint-michel-parc-extension,récréatif
1778,004-0030,aire de jeu  5 à 12 ans,saint-laurent,aire de jeu - enfant
1779,003-0350,aire de jeu 18 mois à 5 ans,lasalle,aire de jeu - enfant
1780,004-0290,aire de jeu  5 à 12 ans,lasalle,aire de jeu - enfant
1781,003-0001,aire de jeu 18 mois à 5 ans,saint-laurent,aire de jeu - enfant
1782,005-0003,aire de jeu combiné,villeray-saint-michel-parc-extension,aire de jeu - enfant
1783,055-0049,piscine extérieure,lasalle,récréatif
1784,004-0207,aire de jeu  5 à 12 ans,pierrefonds-roxboro,aire de jeu - enfant
1785,021-0036,bocce,rivière-des-prairies-pointe-aux-trembles,loisirs et détente
1786,075-0071,soccer à 4-5,anjou,sportif
1787,003-0283,aire de jeu 18 mois à 5 ans,côte-des-neiges-notre-dame-de-grâce,aire de jeu - enfant
1788,050-0043,pataugeoire,ville-marie,récréatif
1789,054-0009,ping-pong,villeray-saint-michel-parc-extension,loisirs et détente
1790,018-0123,basketball,montréal-nord,récréatif
1791,004-0459,aire de jeu  5 à 12 ans,ville-marie,aire de jeu - enfant
1792,059-0004,piste d'athlétisme (440m) et équipements,saint-léonard,sportif
1793,071-0046,sentier pédestre,l'île-bizard-sainte-geneviève,plein air
1794,003-0018,aire de jeu 18 mois à 5 ans,saint-laurent,aire de jeu - enfant
1795,004-0118,aire de jeu  5 à 12 ans,rosemont-la petite-patrie,aire de jeu - enfant
1796,042-0036,jeux d'eau,rosemont-la petite-patrie,récréatif
1797,052-0044,patinoire avec bandes,rosemont-la petite-patrie,récréatif
1798,076-0061,soccer à 7,l'île-bizard-sainte-geneviève,sportif
1799,050-0017,pataugeoire,ahuntsic-cartierville,récréatif
1800,003-0507,aire de jeu 18 mois à 5 ans,le sud-ouest,aire de jeu - enfant
1801,021-0001,bocce,saint-laurent,loisirs et détente
1802,064-0014,rampe de mise à l'eau / descente de bateaux,rivière-des-prairies-pointe-aux-trembles,plein air
1803,018-0039,basketball,rosemont-la petite-patrie,récréatif
1804,075-0046,soccer à 4-5,l'île-bizard-sainte-geneviève,sportif
1805,042-0071,jeux d'eau,côte-des-neiges-notre-dame-de-grâce,récréatif
1806,013-0015,aire d'exercice canin,rosemont-la petite-patrie,loisirs et détente
1807,003-0026,aire de jeu 18 mois à 5 ans,saint-laurent,aire de jeu - enfant
1808,095-0094,pétanque,anjou,loisirs et détente
1809,016-0106,balle,lasalle,sportif
1810,018-0087,basketball,verdun,récréatif
1811,004-0121,aire de jeu  5 à 12 ans,rosemont-la petite-patrie,aire de jeu - enfant
1812,076-0004,soccer à 7,saint-laurent,sportif
1813,053-0016,patinoire sans bandes,ahuntsic-cartierville,récréatif
1814,002-0021,aire de glissade,pierrefonds-roxboro,loisirs et détente
1815,095-0049,pétanque,verdun,loisirs et détente
1816,004-0400,aire de jeu  5 à 12 ans,mercier-hochelaga-maisonneuve,aire de jeu - enfant
1817,004-0259,aire de jeu  5 à 12 ans,verdun,aire de jeu - enfant
1818,004-0093,aire de jeu  5 à 12 ans,ahuntsic-cartierville,aire de jeu - enfant
1819,005-0002,aire de jeu combiné,villeray-saint-michel-parc-extension,aire de jeu - enfant
1820,053-0050,patinoire sans bandes,côte-des-neiges-notre-dame-de-grâce,récréatif
1821,018-0018,basketball,le plateau-mont-royal,récréatif
1822,060-0002,piste de bmx,rivière-des-prairies-pointe-aux-trembles,récréatif
1823,016-0059,balle,villeray-saint-michel-parc-extension,sportif
1824,037-0006,grève / plage,pierrefonds-roxboro,plein air
1825,003-0030,aire de jeu 18 mois à 5 ans,saint-laurent,aire de jeu - enfant
1826,003-0255,aire de jeu 18 mois à 5 ans,l'île-bizard-sainte-geneviève,aire de jeu - enfant
1827,003-0179,aire de jeu 18 mois à 5 ans,outremont,aire de jeu - enfant
1828,003-0254,aire de jeu 18 mois à 5 ans,l'île-bizard-sainte-geneviève,aire de jeu - enfant
1829,052-0041,patinoire avec bandes,rosemont-la petite-patrie,récréatif
1830,003-0002,aire de jeu 18 mois à 5 ans,saint-laurent,aire de jeu - enfant
1831,070-0032,sentier de ski de fond,mercier-hochelaga-maisonneuve,plein air
1832,076-0056,soccer à 7,pierrefonds-roxboro,sportif
1833,098-0001,jeu d'échecs,ville-marie,récréatif
1834,012-0031,aire d'entraînement pour adultes,montréal-nord,loisirs et détente
1835,018-0077,basketball,l'île-bizard-sainte-geneviève,récréatif
1836,042-0123,jeux d'eau,mercier-hochelaga-maisonneuve,récréatif
1837,076-0100,soccer à 7,rivière-des-prairies-pointe-aux-trembles,sportif
1838,016-0039,balle,lachine,sportif
1839,052-0001,patinoire avec bandes,saint-laurent,récréatif
1840,064-0017,rampe de mise à l'eau / descente de bateaux,rivière-des-prairies-pointe-aux-trembles,plein air
1841,049-0011,pastille - basketball,rosemont-la petite-patrie,récréatif
1842,008-0008,aire de pêche autorisée,lachine,plein air
1843,089-0030,volleyball de plage,rosemont-la petite-patrie,récréatif
1844,003-0068,aire de jeu 18 mois à 5 ans,ahuntsic-cartierville,aire de jeu - enfant
1845,095-0053,pétanque,lasalle,loisirs et détente
1846,021-0009,bocce,ahuntsic-cartierville,loisirs et détente
1847,018-0014,basketball,saint-laurent,récréatif
1848,016-0138,balle,mercier-hochelaga-maisonneuve,sportif
1849,012-0024,aire d'entraînement pour adultes,rivière-des-prairies-pointe-aux-trembles,loisirs et détente
1850,016-0074,balle,pierrefonds-roxboro,sportif
1851,052-0031,patinoire avec bandes,ahuntsic-cartierville,récréatif
1852,042-0020,jeux d'eau,le plateau-mont-royal,récréatif
1853,074-0030,soccer / football,saint-léonard,sportif
1854,089-0021,volleyball de plage,ahuntsic-cartierville,récréatif
1855,054-0006,ping-pong,ahuntsic-cartierville,loisirs et détente
1856,004-0266,aire de jeu  5 à 12 ans,verdun,aire de jeu - enfant
1857,003-0258,aire de jeu 18 mois à 5 ans,l'île-bizard-sainte-geneviève,aire de jeu - enfant
1858,055-0010,piscine extérieure,le plateau-mont-royal,récréatif
1859,003-0076,aire de jeu 18 mois à 5 ans,ahuntsic-cartierville,aire de jeu - enfant
1860,003-0450,aire de jeu 18 mois à 5 ans,mercier-hochelaga-maisonneuve,aire de jeu - enfant
1861,005-0022,aire de jeu combiné,l'île-bizard-sainte-geneviève,aire de jeu - enfant
1862,042-0079,jeux d'eau,verdun,récréatif
1863,004-0278,aire de jeu  5 à 12 ans,lasalle,aire de jeu - enfant
1864,001-0005,abri soleil,saint-laurent,plein air
1865,075-0048,soccer à 4-5,l'île-bizard-sainte-geneviève,sportif
1866,081-0092,tennis,anjou,sportif
1867,095-0087,pétanque,mercier-hochelaga-maisonneuve,loisirs et détente
1868,003-0236,aire de jeu 18 mois à 5 ans,pierrefonds-roxboro,aire de jeu - enfant
1869,031-0006,étang / lac,le plateau-mont-royal,plein air
1870,037-0002,grève / plage,ville-marie,plein air
1871,021-0011,bocce,rosemont-la petite-patrie,loisirs et détente
1872,042-0068,jeux d'eau,côte-des-neiges-notre-dame-de-grâce,récréatif
1873,002-0027,aire de glissade,rivière-des-prairies-pointe-aux-trembles,loisirs et détente
1874,081-0098,tennis,saint-léonard,sportif
1875,003-0021,aire de jeu 18 mois à 5 ans,saint-laurent,aire de jeu - enfant
1876,004-0389,aire de jeu  5 à 12 ans,montréal-nord,aire de jeu - enfant
1877,031-0004,étang / lac,saint-laurent,plein air
1878,018-0065,basketball,pierrefonds-roxboro,récréatif
1879,004-0356,aire de jeu  5 à 12 ans,rivière-des-prairies-pointe-aux-trembles,aire de jeu - enfant
1880,016-0093,balle,côte-des-neiges-notre-dame-de-grâce,sportif
1881,031-0017,étang / lac,ville-marie,plein air
1882,004-0351,aire de jeu  5 à 12 ans,rivière-des-prairies-pointe-aux-trembles,aire de jeu - enfant
1883,004-0293,aire de jeu  5 à 12 ans,lasalle,aire de jeu - enfant
1884,016-0020,balle,ahuntsic-cartierville,sportif
1885,016-0143,balle,mercier-hochelaga-maisonneuve,sportif
1886,076-0128,soccer à 7,mercier-hochelaga-maisonneuve,sportif
1887,057-0003,piste d'athlétisme (200m) et équipements,mercier-hochelaga-maisonneuve,sportif
1888,032-0014,fer / galet,mercier-hochelaga-maisonneuve,loisirs et détente
1889,052-0118,patinoire avec bandes,mercier-hochelaga-maisonneuve,récréatif
1890,018-0114,basketball,rivière-des-prairies-pointe-aux-trembles,récréatif
1891,004-0227,aire de jeu  5 à 12 ans,l'île-bizard-sainte-geneviève,aire de jeu - enfant
1892,052-0014,patinoire avec bandes,le plateau-mont-royal,récréatif
1893,072-0009,anneau / rond de glace,saint-laurent,loisirs et détente
1894,042-0024,jeux d'eau,ahuntsic-cartierville,récréatif
1895,055-0024,piscine extérieure,villeray-saint-michel-parc-extension,récréatif
1896,003-0042,aire de jeu 18 mois à 5 ans,le plateau-mont-royal,aire de jeu - enfant
1897,071-0011,sentier pédestre,ahuntsic-cartierville,plein air
1898,071-0006,sentier pédestre,saint-laurent,plein air
1899,053-0035,patinoire sans bandes,villeray-saint-michel-parc-extension,récréatif
1900,075-0011,soccer à 4-5,lachine,sportif
1901,003-0264,aire de jeu 18 mois à 5 ans,l'île-bizard-sainte-geneviève,aire de jeu - enfant
1902,089-0010,volleyball de plage,le plateau-mont-royal,récréatif
1903,004-0186,aire de jeu  5 à 12 ans,pierrefonds-roxboro,aire de jeu - enfant
1904,076-0019,soccer à 7,lachine,sportif
1905,016-0027,balle,ahuntsic-cartierville,sportif
1906,004-0198,aire de jeu  5 à 12 ans,pierrefonds-roxboro,aire de jeu - enfant
1907,095-0025,pétanque,rosemont-la petite-patrie,loisirs et détente
1908,081-0030,tennis,outremont,sportif
1909,004-0019,aire de jeu  5 à 12 ans,saint-laurent,aire de jeu - enfant
1910,003-0020,aire de jeu 18 mois à 5 ans,saint-laurent,aire de jeu - enfant
1911,010-0014,aire de planche à roulette,ville-marie,récréatif
1912,042-0043,jeux d'eau,villeray-saint-michel-parc-extension,récréatif
1913,003-0483,aire de jeu 18 mois à 5 ans,anjou,aire de jeu - enfant
1914,003-0388,aire de jeu 18 mois à 5 ans,rivière-des-prairies-pointe-aux-trembles,aire de jeu - enfant
1915,016-0103,balle,lasalle,sportif
1916,004-0185,aire de jeu  5 à 12 ans,pierrefonds-roxboro,aire de jeu - enfant
1917,089-0036,volleyball de plage,l'île-bizard-sainte-geneviève,récréatif
1918,052-0002,patinoire avec bandes,saint-laurent,récréatif
1919,049-0010,pastille - basketball,rosemont-la petite-patrie,récréatif
1920,009-0053,aire de pique-nique,mercier-hochelaga-maisonneuve,plein air
1921,010-0020,aire de planche à roulette,lasalle,récréatif
1922,021-0028,bocce,côte-des-neiges-notre-dame-de-grâce,loisirs et détente
1923,003-0328,aire de jeu 18 mois à 5 ans,lasalle,aire de jeu - enfant
1924,003-0040,aire de jeu 18 mois à 5 ans,le plateau-mont-royal,aire de jeu - enfant
1925,004-0388,aire de jeu  5 à 12 ans,montréal-nord,aire de jeu - enfant
1926,095-0017,pétanque,ahuntsic-cartierville,loisirs et détente
1927,009-0025,aire de pique-nique,l'île-bizard-sainte-geneviève,plein air
1928,052-0030,patinoire avec bandes,ahuntsic-cartierville,récréatif
1929,003-0181,aire de jeu 18 mois à 5 ans,outremont,aire de jeu - enfant
1930,053-0059,patinoire sans bandes,verdun,récréatif
1931,076-0140,soccer à 7,anjou,sportif
1932,018-0130,basketball,mercier-hochelaga-maisonneuve,récréatif
1933,003-0376,aire de jeu 18 mois à 5 ans,le sud-ouest,aire de jeu - enfant
1934,095-0073,pétanque,montréal-nord,loisirs et détente
1935,055-0073,piscine extérieure,saint-léonard,récréatif
1936,073-0075,soccer à 11,rivière-des-prairies-pointe-aux-trembles,sportif
1937,053-0073,patinoire sans bandes,rivière-des-prairies-pointe-aux-trembles,récréatif
1938,024-0003,canöe / kayak,lasalle,plein air
1939,075-0034,soccer à 4-5,pierrefonds-roxboro,sportif
1940,095-0096,pétanque,villeray-saint-michel-parc-extension,loisirs et détente
1941,016-0064,balle,villeray-saint-michel-parc-extension,sportif
1942,081-0013,tennis,ahuntsic-cartierville,sportif
1943,073-0052,soccer à 11,côte-des-neiges-notre-dame-de-grâce,sportif
1944,002-0026,aire de glissade,rivière-des-prairies-pointe-aux-trembles,loisirs et détente
1945,050-0055,pataugeoire,verdun,récréatif
1946,016-0141,balle,mercier-hochelaga-maisonneuve,sportif
1947,012-0017,aire d'entraînement pour adultes,côte-des-neiges-notre-dame-de-grâce,loisirs et détente
1948,004-0211,aire de jeu  5 à 12 ans,pierrefonds-roxboro,aire de jeu - enfant
1949,067-0005,scène,rosemont-la petite-patrie,loisirs et détente
1950,073-0088,soccer à 11,mercier-hochelaga-maisonneuve,sportif
1951,081-0071,tennis,le sud-ouest,sportif
1952,052-0024,patinoire avec bandes,ahuntsic-cartierville,récréatif
1953,081-0049,tennis,l'île-bizard-sainte-geneviève,sportif
1954,089-0056,volleyball de plage,mercier-hochelaga-maisonneuve,récréatif
1955,073-0054,soccer à 11,côte-des-neiges-notre-dame-de-grâce,sportif
1956,003-0501,aire de jeu 18 mois à 5 ans,saint-léonard,aire de jeu - enfant
1957,003-0136,aire de jeu 18 mois à 5 ans,rosemont-la petite-patrie,aire de jeu - enfant
1958,009-0051,aire de pique-nique,montréal-nord,plein air
1959,042-0118,jeux d'eau,montréal-nord,récréatif
1960,009-0040,aire de pique-nique,rivière-des-prairies-pointe-aux-trembles,plein air
1961,003-0210,aire de jeu 18 mois à 5 ans,pierrefonds-roxboro,aire de jeu - enfant
1962,075-0045,soccer à 4-5,l'île-bizard-sainte-geneviève,sportif
1963,003-0037,aire de jeu 18 mois à 5 ans,saint-laurent,aire de jeu - enfant
1964,081-0001,tennis,saint-laurent,sportif
1965,073-0100,soccer à 11,mercier-hochelaga-maisonneuve,sportif
1966,056-0015,piste cyclable,mercier-hochelaga-maisonneuve,plein air
1967,013-0003,aire d'exercice canin,saint-laurent,loisirs et détente
1968,003-0041,aire de jeu 18 mois à 5 ans,le plateau-mont-royal,aire de jeu - enfant
1969,004-0350,aire de jeu  5 à 12 ans,rivière-des-prairies-pointe-aux-trembles,aire de jeu - enfant
1970,018-0084,basketball,côte-des-neiges-notre-dame-de-grâce,récréatif
1971,003-0253,aire de jeu 18 mois à 5 ans,l'île-bizard-sainte-geneviève,aire de jeu - enfant
1972,073-0047,soccer à 11,pierrefonds-roxboro,sportif
1973,016-0009,balle,saint-laurent,sportif
1974,021-0046,bocce,mercier-hochelaga-maisonneuve,loisirs et détente
1975,089-0038,volleyball de plage,pierrefonds-roxboro,récréatif
1976,003-0209,aire de jeu 18 mois à 5 ans,pierrefonds-roxboro,aire de jeu - enfant
1977,076-0110,soccer à 7,rivière-des-prairies-pointe-aux-trembles,sportif
1978,004-0329,aire de jeu  5 à 12 ans,le sud-ouest,aire de jeu - enfant
1979,003-0090,aire de jeu 18 mois à 5 ans,ahuntsic-cartierville,aire de jeu - enfant
1980,018-0046,basketball,villeray-saint-michel-parc-extension,récréatif
1981,065-0013,patinoire 4 saisons,côte-des-neiges-notre-dame-de-grâce,récréatif
1982,073-0013-76-s2,soccer sous-terrain à 7,ahuntsic-cartierville,sportif
1983,073-0056-76-s2,soccer sous-terrain à 7,côte-des-neiges-notre-dame-de-grâce,sportif
1984,074-0002-76-s1,soccer sous-terrain à 7,saint-laurent,sportif
1985,003-0456,aire de jeu 18 mois à 5 ans,mercier-hochelaga-maisonneuve,aire de jeu - enfant
1986,016-0085,balle,l'île-bizard-sainte-geneviève,sportif
1987,075-0057,soccer à 4-5,lasalle,sportif
1988,089-0019,volleyball de plage,ahuntsic-cartierville,récréatif
1989,073-0005,soccer à 11,saint-laurent,sportif
1990,012-0036,aire d'entraînement pour adultes,mercier-hochelaga-maisonneuve,loisirs et détente
1991,004-0192,aire de jeu  5 à 12 ans,pierrefonds-roxboro,aire de jeu - enfant
1992,072-0006,anneau / rond de glace,saint-laurent,loisirs et détente
1993,048-0009,palet,ahuntsic-cartierville,loisirs et détente
1994,018-0033,basketball,rosemont-la petite-patrie,récréatif
1995,018-0136,basketball,saint-léonard,récréatif
1996,003-0436,aire de jeu 18 mois à 5 ans,montréal-nord,aire de jeu - enfant
1997,010-0021,aire de planche à roulette,le sud-ouest,récréatif
1998,003-0310,aire de jeu 18 mois à 5 ans,verdun,aire de jeu - enfant
1999,074-0002,soccer / football,saint-laurent,sportif
2000,095-0032,pétanque,rosemont-la petite-patrie,loisirs et détente
2001,036-0004,golf,l'île-bizard-sainte-geneviève,sportif
2002,004-0371,aire de jeu  5 à 12 ans,rivière-des-prairies-pointe-aux-trembles,aire de jeu - enfant
2003,003-0297,aire de jeu 18 mois à 5 ans,verdun,aire de jeu - enfant
2004,058-0020,piste d'athlétisme (400m) et équipements,mercier-hochelaga-maisonneuve,sportif
2005,050-0078,pataugeoire,montréal-nord,récréatif
2006,018-0138,basketball,saint-léonard,récréatif
2007,081-0070,tennis,lasalle,sportif
2008,003-0340,aire de jeu 18 mois à 5 ans,lasalle,aire de jeu - enfant
2009,050-0023,pataugeoire,lachine,récréatif
2010,003-0269,aire de jeu 18 mois à 5 ans,côte-des-neiges-notre-dame-de-grâce,aire de jeu - enfant
2011,018-0102,basketball,le sud-ouest,récréatif
2012,052-0022,patinoire avec bandes,ahuntsic-cartierville,récréatif
2013,004-0013,aire de jeu  5 à 12 ans,saint-laurent,aire de jeu - enfant
2014,054-0022,ping-pong,le plateau-mont-royal,loisirs et détente
2015,013-0010,aire d'exercice canin,ahuntsic-cartierville,loisirs et détente
2016,050-0077,pataugeoire,montréal-nord,récréatif
2017,003-0313,aire de jeu 18 mois à 5 ans,verdun,aire de jeu - enfant
2018,081-0044,tennis,pierrefonds-roxboro,sportif
2019,003-0216,aire de jeu 18 mois à 5 ans,pierrefonds-roxboro,aire de jeu - enfant
2020,037-0007,grève / plage,pierrefonds-roxboro,plein air
2021,004-0182,aire de jeu  5 à 12 ans,pierrefonds-roxboro,aire de jeu - enfant
2022,003-0015,aire de jeu 18 mois à 5 ans,saint-laurent,aire de jeu - enfant
2023,052-0086,patinoire avec bandes,verdun,récréatif
2024,003-0293,aire de jeu 18 mois à 5 ans,verdun,aire de jeu - enfant
2025,009-0058,aire de pique-nique,ville-marie,plein air
2026,009-0055,aire de pique-nique,mercier-hochelaga-maisonneuve,plein air
2027,074-0025,soccer / football,rivière-des-prairies-pointe-aux-trembles,sportif
2028,042-0128,jeux d'eau,mercier-hochelaga-maisonneuve,récréatif
2029,004-0063,aire de jeu  5 à 12 ans,ahuntsic-cartierville,aire de jeu - enfant
2030,004-0107,aire de jeu  5 à 12 ans,rosemont-la petite-patrie,aire de jeu - enfant
2031,052-0006,patinoire avec bandes,saint-laurent,récréatif
2032,074-0006-76-s1,soccer sous-terrain à 7,ahuntsic-cartierville,sportif
2033,064-0011,rampe de mise à l'eau / descente de bateaux,l'île-bizard-sainte-geneviève,plein air
2034,003-0404,aire de jeu 18 mois à 5 ans,rivière-des-prairies-pointe-aux-trembles,aire de jeu - enfant
2035,074-0006,soccer / football,ahuntsic-cartierville,sportif
2036,003-0017,aire de jeu 18 mois à 5 ans,saint-laurent,aire de jeu - enfant
2037,003-0504,aire de jeu 18 mois à 5 ans,saint-léonard,aire de jeu - enfant
2038,004-0038,aire de jeu  5 à 12 ans,le plateau-mont-royal,aire de jeu - enfant
2039,042-0124,jeux d'eau,mercier-hochelaga-maisonneuve,récréatif
2040,004-0246,aire de jeu  5 à 12 ans,côte-des-neiges-notre-dame-de-grâce,aire de jeu - enfant
2041,028-0005,croquet,ahuntsic-cartierville,récréatif
2042,095-0052,pétanque,lasalle,loisirs et détente
2043,053-0011,patinoire sans bandes,ahuntsic-cartierville,récréatif
2044,022-0003,boisé,mercier-hochelaga-maisonneuve,plein air
2045,003-0407,aire de jeu 18 mois à 5 ans,rivière-des-prairies-pointe-aux-trembles,aire de jeu - enfant
2046,073-0041,soccer à 11,pierrefonds-roxboro,sportif
2047,074-0029,soccer / football,saint-léonard,sportif
2048,018-0105,basketball,rivière-des-prairies-pointe-aux-trembles,récréatif
2049,003-0178,aire de jeu 18 mois à 5 ans,outremont,aire de jeu - enfant
2050,042-0131,jeux d'eau,mercier-hochelaga-maisonneuve,récréatif
2051,004-0341,aire de jeu  5 à 12 ans,rivière-des-prairies-pointe-aux-trembles,aire de jeu - enfant
2052,004-0286,aire de jeu  5 à 12 ans,lasalle,aire de jeu - enfant
2053,067-0001,scène,saint-laurent,loisirs et détente
2054,048-0006,palet,mercier-hochelaga-maisonneuve,loisirs et détente
2055,054-0008,ping-pong,rosemont-la petite-patrie,loisirs et détente
2056,076-0087,soccer à 7,lasalle,sportif
2057,073-0084,soccer à 11,rivière-des-prairies-pointe-aux-trembles,sportif
2058,003-0224,aire de jeu 18 mois à 5 ans,pierrefonds-roxboro,aire de jeu - enfant
2059,004-0273,aire de jeu  5 à 12 ans,verdun,aire de jeu - enfant
2060,074-0019,soccer / football,côte-des-neiges-notre-dame-de-grâce,sportif
2061,004-0437,aire de jeu  5 à 12 ans,anjou,aire de jeu - enfant
2062,055-0030,piscine extérieure,pierrefonds-roxboro,récréatif
2063,042-0016,jeux d'eau,le plateau-mont-royal,récréatif
2064,056-0012,piste cyclable,pierrefonds-roxboro,plein air
2065,004-0324,aire de jeu  5 à 12 ans,le sud-ouest,aire de jeu - enfant
2066,076-0099,soccer à 7,rivière-des-prairies-pointe-aux-trembles,sportif
2067,058-0022,piste d'athlétisme (400m) et équipements,saint-léonard,sportif
2068,003-0226,aire de jeu 18 mois à 5 ans,pierrefonds-roxboro,aire de jeu - enfant
2069,032-0002,fer / galet,ahuntsic-cartierville,loisirs et détente
2070,003-0231,aire de jeu 18 mois à 5 ans,pierrefonds-roxboro,aire de jeu - enfant
2071,016-0115,balle,le sud-ouest,sportif
2072,073-0044,soccer à 11,pierrefonds-roxboro,sportif
2073,004-0408,aire de jeu  5 à 12 ans,mercier-hochelaga-maisonneuve,aire de jeu - enfant
2074,052-0112,patinoire avec bandes,montréal-nord,récréatif
2075,089-0044,volleyball de plage,le sud-ouest,récréatif
2076,089-0008,volleyball de plage,le plateau-mont-royal,récréatif
2077,016-0083,balle,pierrefonds-roxboro,sportif
2078,016-0080,balle,pierrefonds-roxboro,sportif
2079,001-0020,abri soleil,mercier-hochelaga-maisonneuve,plein air
2080,001-0006,abri soleil,saint-laurent,plein air
2081,003-0463,aire de jeu 18 mois à 5 ans,mercier-hochelaga-maisonneuve,aire de jeu - enfant
2082,004-0046,aire de jeu  5 à 12 ans,le plateau-mont-royal,aire de jeu - enfant
2083,076-0046,soccer à 7,ville-marie,sportif
2084,003-0108,aire de jeu 18 mois à 5 ans,lachine,aire de jeu - enfant
2085,054-0007,ping-pong,rosemont-la petite-patrie,loisirs et détente
2086,017-0002,balle au mur,rivière-des-prairies-pointe-aux-trembles,récréatif
2087,009-0003,aire de pique-nique,saint-laurent,plein air
2088,004-0006,aire de jeu  5 à 12 ans,saint-laurent,aire de jeu - enfant
2089,004-0321,aire de jeu  5 à 12 ans,le sud-ouest,aire de jeu - enfant
2090,053-0003,patinoire sans bandes,le plateau-mont-royal,récréatif
2091,004-0126,aire de jeu  5 à 12 ans,rosemont-la petite-patrie,aire de jeu - enfant
2092,071-0026,sentier pédestre,lachine,plein air
2093,073-0071,soccer à 11,le sud-ouest,sportif
2094,012-0012,aire d'entraînement pour adultes,villeray-saint-michel-parc-extension,loisirs et détente
2095,004-0023,aire de jeu  5 à 12 ans,saint-laurent,aire de jeu - enfant
2096,075-0061,soccer à 4-5,montréal-nord,sportif
2097,002-0023,aire de glissade,verdun,loisirs et détente
2098,020-0012,belvédère,l'île-bizard-sainte-geneviève,loisirs et détente
2099,072-0001,anneau / rond de glace,saint-laurent,loisirs et détente
2100,004-0340,aire de jeu  5 à 12 ans,rivière-des-prairies-pointe-aux-trembles,aire de jeu - enfant
2101,095-0033,pétanque,rosemont-la petite-patrie,loisirs et détente
2102,055-0016,piscine extérieure,lachine,récréatif
2103,001-0004,abri soleil,saint-laurent,plein air
2104,050-0075,pataugeoire,montréal-nord,récréatif
2105,003-0374,aire de jeu 18 mois à 5 ans,le sud-ouest,aire de jeu - enfant
2106,004-0280,aire de jeu  5 à 12 ans,lasalle,aire de jeu - enfant
2107,070-0016,sentier de ski de fond,villeray-saint-michel-parc-extension,plein air
2108,058-0018,piste d'athlétisme (400m) et équipements,montréal-nord,sportif
2109,065-0012,patinoire 4 saisons,côte-des-neiges-notre-dame-de-grâce,récréatif
2110,089-0003,volleyball de plage,saint-laurent,récréatif
2111,003-0377,aire de jeu 18 mois à 5 ans,le sud-ouest,aire de jeu - enfant
2112,003-0080,aire de jeu 18 mois à 5 ans,ahuntsic-cartierville,aire de jeu - enfant
2113,004-0291,aire de jeu  5 à 12 ans,lasalle,aire de jeu - enfant
2114,004-0310,aire de jeu  5 à 12 ans,le sud-ouest,aire de jeu - enfant
2115,072-0004,anneau / rond de glace,saint-laurent,loisirs et détente
2116,071-0014,sentier pédestre,ahuntsic-cartierville,plein air
2117,005-0040,aire de jeu combiné,saint-léonard,aire de jeu - enfant
2118,012-0030,aire d'entraînement pour adultes,montréal-nord,loisirs et détente
2119,095-0098,pétanque,anjou,loisirs et détente
2120,095-0031,pétanque,rosemont-la petite-patrie,loisirs et détente
2121,035-0001,fort,le sud-ouest,loisirs et détente
2122,004-0016,aire de jeu  5 à 12 ans,saint-laurent,aire de jeu - enfant
2123,071-0059,sentier pédestre,mercier-hochelaga-maisonneuve,plein air
2124,042-0077,jeux d'eau,verdun,récréatif
2125,003-0257,aire de jeu 18 mois à 5 ans,l'île-bizard-sainte-geneviève,aire de jeu - enfant
2126,003-0177,aire de jeu 18 mois à 5 ans,outremont,aire de jeu - enfant
2127,012-0042,aire d'entraînement pour adultes,ahuntsic-cartierville,loisirs et détente
2128,052-0061,patinoire avec bandes,ville-marie,récréatif
2129,018-0036,basketball,rosemont-la petite-patrie,récréatif
2130,004-0082,aire de jeu  5 à 12 ans,ahuntsic-cartierville,aire de jeu - enfant
2131,021-0044,bocce,montréal-nord,loisirs et détente
2132,003-0201,aire de jeu 18 mois à 5 ans,pierrefonds-roxboro,aire de jeu - enfant
2133,002-0009,aire de glissade,ahuntsic-cartierville,loisirs et détente
2134,010-0002,aire de planche à roulette,ahuntsic-cartierville,récréatif
2135,003-0366,aire de jeu 18 mois à 5 ans,le sud-ouest,aire de jeu - enfant
2136,003-0274,aire de jeu 18 mois à 5 ans,côte-des-neiges-notre-dame-de-grâce,aire de jeu - enfant
2137,076-0130,soccer à 7,mercier-hochelaga-maisonneuve,sportif
2138,003-0198,aire de jeu 18 mois à 5 ans,ville-marie,aire de jeu - enfant
2139,018-0052,basketball,villeray-saint-michel-parc-extension,récréatif
2140,071-0005,sentier pédestre,saint-laurent,plein air
2141,018-0139,basketball,saint-léonard,récréatif
2142,004-0020,aire de jeu  5 à 12 ans,saint-laurent,aire de jeu - enfant
2143,049-0017,pastille - basketball,verdun,récréatif
2144,095-0045,pétanque,pierrefonds-roxboro,loisirs et détente
2145,053-0065,patinoire sans bandes,lasalle,récréatif
2146,016-0055,balle,rosemont-la petite-patrie,sportif
2147,074-0007-76-s2,soccer sous-terrain à 7,ahuntsic-cartierville,sportif
2148,075-0052,soccer à 4-5,côte-des-neiges-notre-dame-de-grâce,sportif
2149,071-0058,sentier pédestre,mercier-hochelaga-maisonneuve,plein air
2150,053-0025,patinoire sans bandes,rosemont-la petite-patrie,récréatif
2151,081-0080,tennis,rivière-des-prairies-pointe-aux-trembles,sportif
2152,003-0271,aire de jeu 18 mois à 5 ans,côte-des-neiges-notre-dame-de-grâce,aire de jeu - enfant
2153,081-0034,tennis,ville-marie,sportif
2154,003-0099,aire de jeu 18 mois à 5 ans,lachine,aire de jeu - enfant
2155,042-0033,jeux d'eau,rosemont-la petite-patrie,récréatif
2156,064-0005,rampe de mise à l'eau / descente de bateaux,pierrefonds-roxboro,plein air
2157,032-0004,fer / galet,ahuntsic-cartierville,loisirs et détente
2158,016-0126,balle,rivière-des-prairies-pointe-aux-trembles,sportif
2159,004-0355,aire de jeu  5 à 12 ans,rivière-des-prairies-pointe-aux-trembles,aire de jeu - enfant
2160,052-0047,patinoire avec bandes,rosemont-la petite-patrie,récréatif
2161,003-0038,aire de jeu 18 mois à 5 ans,le plateau-mont-royal,aire de jeu - enfant
2162,004-0066,aire de jeu  5 à 12 ans,ahuntsic-cartierville,aire de jeu - enfant
2163,003-0406,aire de jeu 18 mois à 5 ans,rivière-des-prairies-pointe-aux-trembles,aire de jeu - enfant
2164,071-0030,sentier pédestre,rosemont-la petite-patrie,plein air
2165,008-0004,aire de pêche autorisée,lachine,plein air
2166,004-0275,aire de jeu  5 à 12 ans,verdun,aire de jeu - enfant
2167,055-0055,piscine extérieure,rivière-des-prairies-pointe-aux-trembles,récréatif
2168,089-0002,volleyball de plage,saint-laurent,récréatif
2169,052-0007,patinoire avec bandes,saint-laurent,récréatif
2170,081-0099,tennis,saint-léonard,sportif
2171,036-0008,golf,anjou,sportif
2172,076-0018-75-s1,soccer sous-terrain à 4-5,ahuntsic-cartierville,sportif
2173,018-0124,basketball,montréal-nord,récréatif
2174,058-0001,piste d'athlétisme (400m) et équipements,saint-laurent,sportif
2175,055-0002,piscine extérieure,saint-laurent,récréatif
2176,004-0031,aire de jeu  5 à 12 ans,saint-laurent,aire de jeu - enfant
2177,004-0430,aire de jeu  5 à 12 ans,mercier-hochelaga-maisonneuve,aire de jeu - enfant
2178,070-0002,sentier de ski de fond,ahuntsic-cartierville,plein air
2179,049-0001,pastille - basketball,saint-laurent,récréatif
2180,053-0042,patinoire sans bandes,outremont,récréatif
2181,021-0057,bocce,saint-léonard,loisirs et détente
2182,004-0335,aire de jeu  5 à 12 ans,rivière-des-prairies-pointe-aux-trembles,aire de jeu - enfant
2183,045-0005,multisport,saint-léonard,sportif
2184,050-0026,pataugeoire,rosemont-la petite-patrie,récréatif
2185,053-0087,patinoire sans bandes,mercier-hochelaga-maisonneuve,récréatif
2186,004-0156,aire de jeu  5 à 12 ans,outremont,aire de jeu - enfant
2187,008-0005,aire de pêche autorisée,lachine,plein air
2188,075-0039,soccer à 4-5,pierrefonds-roxboro,sportif
2189,003-0091,aire de jeu 18 mois à 5 ans,ahuntsic-cartierville,aire de jeu - enfant
2190,004-0087,aire de jeu  5 à 12 ans,lachine,aire de jeu - enfant
2191,016-0041,balle,lachine,sportif
2192,004-0181,aire de jeu  5 à 12 ans,pierrefonds-roxboro,aire de jeu - enfant
2193,050-0073,pataugeoire,montréal-nord,récréatif
2194,089-0006,volleyball de plage,le plateau-mont-royal,récréatif
2195,005-0032,aire de jeu combiné,anjou,aire de jeu - enfant
2196,004-0172,aire de jeu  5 à 12 ans,ville-marie,aire de jeu - enfant
2197,081-0018,tennis,lachine,sportif
2198,021-0059,bocce,saint-léonard,loisirs et détente
2199,050-0096,pataugeoire,saint-léonard,récréatif
2200,075-0041,soccer à 4-5,pierrefonds-roxboro,sportif
2201,052-0104,patinoire avec bandes,rivière-des-prairies-pointe-aux-trembles,récréatif
2202,073-0059,soccer à 11,côte-des-neiges-notre-dame-de-grâce,sportif
2203,069-0008,sentier de raquette,le sud-ouest,plein air
2204,095-0002,pétanque,saint-laurent,loisirs et détente
2205,013-0005,aire d'exercice canin,saint-laurent,loisirs et détente
2206,004-0111,aire de jeu  5 à 12 ans,rosemont-la petite-patrie,aire de jeu - enfant
2207,018-0051,basketball,villeray-saint-michel-parc-extension,récréatif
2208,005-0011,aire de jeu combiné,villeray-saint-michel-parc-extension,aire de jeu - enfant
2209,012-0053,aire d'entraînement pour adultes,saint-léonard,loisirs et détente
2210,016-0140,balle,mercier-hochelaga-maisonneuve,sportif
2211,050-0065,pataugeoire,rivière-des-prairies-pointe-aux-trembles,récréatif
2212,004-0108,aire de jeu  5 à 12 ans,rosemont-la petite-patrie,aire de jeu - enfant
2213,052-0008,patinoire avec bandes,saint-laurent,récréatif
2214,003-0500,aire de jeu 18 mois à 5 ans,saint-léonard,aire de jeu - enfant
2215,052-0049,patinoire avec bandes,villeray-saint-michel-parc-extension,récréatif
2216,065-0006,patinoire 4 saisons,villeray-saint-michel-parc-extension,récréatif
2217,004-0382,aire de jeu  5 à 12 ans,montréal-nord,aire de jeu - enfant
2218,050-0041,pataugeoire,villeray-saint-michel-parc-extension,récréatif
2219,016-0002,balle,saint-laurent,sportif
2220,004-0433,aire de jeu  5 à 12 ans,anjou,aire de jeu - enfant
2221,073-0066-76-s2,soccer sous-terrain à 7,lasalle,sportif
2222,077-0005,soccer à 9,saint-laurent,sportif
2223,004-0047,aire de jeu  5 à 12 ans,le plateau-mont-royal,aire de jeu - enfant
2224,095-0086,pétanque,mercier-hochelaga-maisonneuve,loisirs et détente
2225,009-0027,aire de pique-nique,côte-des-neiges-notre-dame-de-grâce,plein air
2226,072-0032,anneau / rond de glace,saint-léonard,loisirs et détente
2227,056-0009,piste cyclable,pierrefonds-roxboro,plein air
2228,070-0018,sentier de ski de fond,ville-marie,plein air
2229,016-0111,balle,le sud-ouest,sportif
2230,050-0054,pataugeoire,verdun,récréatif
2231,055-0019,piscine extérieure,lachine,récréatif
2232,004-0037,aire de jeu  5 à 12 ans,le plateau-mont-royal,aire de jeu - enfant
2233,016-0023,balle,ahuntsic-cartierville,sportif
2234,055-0074,piscine extérieure,saint-léonard,récréatif
2235,081-0056,tennis,verdun,sportif
2236,055-0027,piscine extérieure,ville-marie,récréatif
2237,020-0022,belvédère,rivière-des-prairies-pointe-aux-trembles,loisirs et détente
2238,004-0088,aire de jeu  5 à 12 ans,lachine,aire de jeu - enfant
2239,009-0004,aire de pique-nique,saint-laurent,plein air
2240,004-0378,aire de jeu  5 à 12 ans,montréal-nord,aire de jeu - enfant
2241,003-0458,aire de jeu 18 mois à 5 ans,mercier-hochelaga-maisonneuve,aire de jeu - enfant
2242,003-0294,aire de jeu 18 mois à 5 ans,verdun,aire de jeu - enfant
2243,004-0183,aire de jeu  5 à 12 ans,pierrefonds-roxboro,aire de jeu - enfant
2244,004-0395,aire de jeu  5 à 12 ans,montréal-nord,aire de jeu - enfant
2245,016-0030,balle,ahuntsic-cartierville,sportif
2246,073-0064,soccer à 11,verdun,sportif
2247,073-0095-76-s2,soccer sous-terrain à 7,mercier-hochelaga-maisonneuve,sportif
2248,003-0122,aire de jeu 18 mois à 5 ans,rosemont-la petite-patrie,aire de jeu - enfant
2249,004-0083,aire de jeu  5 à 12 ans,ahuntsic-cartierville,aire de jeu - enfant
2250,018-0131,basketball,mercier-hochelaga-maisonneuve,récréatif
2251,004-0386,aire de jeu  5 à 12 ans,montréal-nord,aire de jeu - enfant
2252,076-0017,soccer à 7,ahuntsic-cartierville,sportif
2253,003-0419,aire de jeu 18 mois à 5 ans,rivière-des-prairies-pointe-aux-trembles,aire de jeu - enfant
2254,016-0015,balle,le plateau-mont-royal,sportif
2255,052-0003,patinoire avec bandes,saint-laurent,récréatif
2256,004-0054,aire de jeu  5 à 12 ans,le plateau-mont-royal,aire de jeu - enfant
2257,056-0017,piste cyclable,rosemont-la petite-patrie,plein air
2258,076-0025,soccer à 7,rosemont-la petite-patrie,sportif
2259,003-0391,aire de jeu 18 mois à 5 ans,rivière-des-prairies-pointe-aux-trembles,aire de jeu - enfant
2260,095-0016,pétanque,ahuntsic-cartierville,loisirs et détente
2261,042-0080,jeux d'eau,verdun,récréatif
2262,073-0048,soccer à 11,pierrefonds-roxboro,sportif
2263,004-0173,aire de jeu  5 à 12 ans,ville-marie,aire de jeu - enfant
2264,076-0103,soccer à 7,rivière-des-prairies-pointe-aux-trembles,sportif
2265,003-0379,aire de jeu 18 mois à 5 ans,rivière-des-prairies-pointe-aux-trembles,aire de jeu - enfant
2266,073-0062,soccer à 11,verdun,sportif
2267,042-0041,jeux d'eau,villeray-saint-michel-parc-extension,récréatif
2268,004-0368,aire de jeu  5 à 12 ans,rivière-des-prairies-pointe-aux-trembles,aire de jeu - enfant
2269,021-0043,bocce,montréal-nord,loisirs et détente
2270,050-0083,pataugeoire,mercier-hochelaga-maisonneuve,récréatif
2271,095-0022,pétanque,lachine,loisirs et détente
2272,003-0372,aire de jeu 18 mois à 5 ans,le sud-ouest,aire de jeu - enfant
2273,003-0425,aire de jeu 18 mois à 5 ans,rivière-des-prairies-pointe-aux-trembles,aire de jeu - enfant
2274,013-0018,aire d'exercice canin,outremont,loisirs et détente
2275,004-0326,aire de jeu  5 à 12 ans,le sud-ouest,aire de jeu - enfant
2276,009-0032,aire de pique-nique,lachine,plein air
2277,073-0021,soccer à 11,lachine,sportif
2278,003-0186,aire de jeu 18 mois à 5 ans,ville-marie,aire de jeu - enfant
2279,074-0016,soccer / football,côte-des-neiges-notre-dame-de-grâce,sportif
2280,004-0369,aire de jeu  5 à 12 ans,rivière-des-prairies-pointe-aux-trembles,aire de jeu - enfant
2281,013-0039,aire d'exercice canin,montréal-nord,loisirs et détente
2282,052-0042,patinoire avec bandes,rosemont-la petite-patrie,récréatif
2283,009-0035,aire de pique-nique,côte-des-neiges-notre-dame-de-grâce,plein air
2284,072-0012,anneau / rond de glace,saint-laurent,loisirs et détente
2285,089-0057,volleyball de plage,mercier-hochelaga-maisonneuve,récréatif
2286,053-0080,patinoire sans bandes,mercier-hochelaga-maisonneuve,récréatif
2287,003-0070,aire de jeu 18 mois à 5 ans,ahuntsic-cartierville,aire de jeu - enfant
2288,003-0161,aire de jeu 18 mois à 5 ans,villeray-saint-michel-parc-extension,aire de jeu - enfant
2289,004-0362,aire de jeu  5 à 12 ans,rivière-des-prairies-pointe-aux-trembles,aire de jeu - enfant
2290,072-0023,anneau / rond de glace,lasalle,loisirs et détente
2291,072-0016,anneau / rond de glace,rosemont-la petite-patrie,loisirs et détente
2292,012-0007,aire d'entraînement pour adultes,le plateau-mont-royal,loisirs et détente
2293,063-0005,quai,lachine,plein air
2294,004-0281,aire de jeu  5 à 12 ans,lasalle,aire de jeu - enfant
2295,095-0113,pétanque,mercier-hochelaga-maisonneuve,loisirs et détente
2296,012-0050,aire d'entraînement pour adultes,le sud-ouest,loisirs et détente
2297,050-0097,pataugeoire,saint-léonard,récréatif
2298,081-0069,tennis,lasalle,sportif
2299,052-0090,patinoire avec bandes,verdun,récréatif
2300,004-0187,aire de jeu  5 à 12 ans,pierrefonds-roxboro,aire de jeu - enfant
2301,004-0184,aire de jeu  5 à 12 ans,pierrefonds-roxboro,aire de jeu - enfant
2302,016-0031,balle,ahuntsic-cartierville,sportif
2303,012-0046,aire d'entraînement pour adultes,pierrefonds-roxboro,loisirs et détente
2304,076-0120,soccer à 7,rivière-des-prairies-pointe-aux-trembles,sportif
2305,018-0080,basketball,côte-des-neiges-notre-dame-de-grâce,récréatif
2306,003-0266,aire de jeu 18 mois à 5 ans,l'île-bizard-sainte-geneviève,aire de jeu - enfant
2307,003-0286,aire de jeu 18 mois à 5 ans,côte-des-neiges-notre-dame-de-grâce,aire de jeu - enfant
2308,010-0018,aire de planche à roulette,lasalle,récréatif
2309,003-0102,aire de jeu 18 mois à 5 ans,lachine,aire de jeu - enfant
2310,003-0324,aire de jeu 18 mois à 5 ans,lasalle,aire de jeu - enfant
2311,054-0012,ping-pong,le sud-ouest,loisirs et détente
2312,018-0058,basketball,ville-marie,récréatif
2313,095-0065,pétanque,rivière-des-prairies-pointe-aux-trembles,loisirs et détente
2314,021-0020,bocce,villeray-saint-michel-parc-extension,loisirs et détente
2315,003-0035,aire de jeu 18 mois à 5 ans,saint-laurent,aire de jeu - enfant
2316,081-0081,tennis,montréal-nord,sportif
2317,095-0095,pétanque,verdun,loisirs et détente
2318,066-0003,rugby / soccer à 11,côte-des-neiges-notre-dame-de-grâce,sportif
2319,020-0003,belvédère,ville-marie,loisirs et détente
2320,003-0405,aire de jeu 18 mois à 5 ans,rivière-des-prairies-pointe-aux-trembles,aire de jeu - enfant
2321,004-0208,aire de jeu  5 à 12 ans,saint-laurent,aire de jeu - enfant
2322,073-0026,soccer à 11,rosemont-la petite-patrie,sportif
2323,042-0003,jeux d'eau,saint-laurent,récréatif
2324,089-0033,volleyball de plage,villeray-saint-michel-parc-extension,récréatif
2325,089-0001,volleyball de plage,saint-laurent,récréatif
2326,055-0018,piscine extérieure,lachine,récréatif
2327,003-0008,aire de jeu 18 mois à 5 ans,saint-laurent,aire de jeu - enfant
2328,010-0031,aire de planche à roulette,villeray-saint-michel-parc-extension,récréatif
2329,018-0028,basketball,lachine,récréatif
2330,013-0032,aire d'exercice canin,le sud-ouest,loisirs et détente
2331,002-0029,aire de glissade,mercier-hochelaga-maisonneuve,loisirs et détente
2332,002-0005,aire de glissade,saint-laurent,loisirs et détente
2333,042-0138,jeux d'eau,saint-léonard,récréatif
2334,003-0389,aire de jeu 18 mois à 5 ans,rivière-des-prairies-pointe-aux-trembles,aire de jeu - enfant
2335,020-0007,belvédère,pierrefonds-roxboro,loisirs et détente
2336,034-0014,football,ahuntsic-cartierville,sportif
2337,067-0010,scène,ville-marie,loisirs et détente
2338,018-0091,basketball,lasalle,récréatif
2339,063-0004,quai,lachine,plein air
2340,042-0125,jeux d'eau,mercier-hochelaga-maisonneuve,récréatif
2341,003-0173,aire de jeu 18 mois à 5 ans,outremont,aire de jeu - enfant
2342,053-0056,patinoire sans bandes,côte-des-neiges-notre-dame-de-grâce,récréatif
2343,067-0006,scène,rosemont-la petite-patrie,loisirs et détente
2344,003-0169,aire de jeu 18 mois à 5 ans,villeray-saint-michel-parc-extension,aire de jeu - enfant
2345,042-0012,jeux d'eau,saint-laurent,récréatif
2346,003-0446,aire de jeu 18 mois à 5 ans,mercier-hochelaga-maisonneuve,aire de jeu - enfant
2347,004-0245,aire de jeu  5 à 12 ans,côte-des-neiges-notre-dame-de-grâce,aire de jeu - enfant
2348,003-0176,aire de jeu 18 mois à 5 ans,outremont,aire de jeu - enfant
2349,042-0147,jeux d'eau,rosemont-la petite-patrie,récréatif
2350,016-0144,balle,mercier-hochelaga-maisonneuve,sportif
2351,052-0107,patinoire avec bandes,rivière-des-prairies-pointe-aux-trembles,récréatif
2352,004-0091,aire de jeu  5 à 12 ans,lachine,aire de jeu - enfant
2353,032-0001,fer / galet,ahuntsic-cartierville,loisirs et détente
2354,089-0004,volleyball de plage,saint-laurent,récréatif
2355,003-0431,aire de jeu 18 mois à 5 ans,montréal-nord,aire de jeu - enfant
2356,042-0013,jeux d'eau,saint-laurent,récréatif
2357,004-0129,aire de jeu  5 à 12 ans,villeray-saint-michel-parc-extension,aire de jeu - enfant
2358,052-0026,patinoire avec bandes,ahuntsic-cartierville,récréatif
2359,004-0130,aire de jeu  5 à 12 ans,villeray-saint-michel-parc-extension,aire de jeu - enfant
2360,055-0066,piscine extérieure,mercier-hochelaga-maisonneuve,récréatif
2361,018-0121,basketball,montréal-nord,récréatif
2362,003-0423,aire de jeu 18 mois à 5 ans,rivière-des-prairies-pointe-aux-trembles,aire de jeu - enfant
2363,005-0021,aire de jeu combiné,l'île-bizard-sainte-geneviève,aire de jeu - enfant
2364,004-0352,aire de jeu  5 à 12 ans,rivière-des-prairies-pointe-aux-trembles,aire de jeu - enfant
2365,075-0069,soccer à 4-5,mercier-hochelaga-maisonneuve,sportif
2366,071-0010,sentier pédestre,ahuntsic-cartierville,plein air
2367,025-0003,ciné-parc,saint-léonard,loisirs et détente
2368,076-0029,soccer à 7,rosemont-la petite-patrie,sportif
2369,021-0005,bocce,ahuntsic-cartierville,loisirs et détente
2370,003-0323,aire de jeu 18 mois à 5 ans,lasalle,aire de jeu - enfant
2371,018-0066,basketball,pierrefonds-roxboro,récréatif
2372,074-0023,soccer / football,le sud-ouest,sportif
2373,036-0007,golf,rivière-des-prairies-pointe-aux-trembles,sportif
2374,055-0046,piscine extérieure,lasalle,récréatif
2375,016-0036,balle,lachine,sportif
2376,053-0062,patinoire sans bandes,verdun,récréatif
2377,018-0006,basketball,saint-laurent,récréatif
2378,002-0018,aire de glissade,outremont,loisirs et détente
2379,016-0162,balle,rivière-des-prairies-pointe-aux-trembles,sportif
2380,076-0064,soccer à 7,côte-des-neiges-notre-dame-de-grâce,sportif
2381,016-0159,balle,saint-léonard,sportif
2382,095-0085,pétanque,mercier-hochelaga-maisonneuve,loisirs et détente
2383,054-0002,ping-pong,le plateau-mont-royal,loisirs et détente
2384,004-0039,aire de jeu  5 à 12 ans,le plateau-mont-royal,aire de jeu - enfant
2385,076-0038,soccer à 7,villeray-saint-michel-parc-extension,sportif
2386,032-0007,fer / galet,rosemont-la petite-patrie,loisirs et détente
2387,042-0010,jeux d'eau,saint-laurent,récréatif
2388,044-0001,mini-tennis,le sud-ouest,sportif
2389,042-0055,jeux d'eau,pierrefonds-roxboro,récréatif
2390,020-0002,belvédère,ville-marie,loisirs et détente
2391,053-0006,patinoire sans bandes,le plateau-mont-royal,récréatif
2392,058-0021,piste d'athlétisme (400m) et équipements,anjou,sportif
2393,075-0026,soccer à 4-5,ville-marie,sportif
2394,004-0169,aire de jeu  5 à 12 ans,ville-marie,aire de jeu - enfant
2395,072-0017,anneau / rond de glace,villeray-saint-michel-parc-extension,loisirs et détente
2396,050-0076,pataugeoire,montréal-nord,récréatif
2397,053-0076,patinoire sans bandes,rivière-des-prairies-pointe-aux-trembles,récréatif
2398,052-0088,patinoire avec bandes,verdun,récréatif
2399,074-0013,soccer / football,pierrefonds-roxboro,sportif
2400,076-0037,soccer à 7,villeray-saint-michel-parc-extension,sportif
2401,009-0057,aire de pique-nique,mercier-hochelaga-maisonneuve,plein air
2402,016-0028,balle,ahuntsic-cartierville,sportif
2403,003-0317,aire de jeu 18 mois à 5 ans,verdun,aire de jeu - enfant
2404,016-0011,balle,le plateau-mont-royal,sportif
2405,065-0008,patinoire 4 saisons,pierrefonds-roxboro,récréatif
2406,076-0011,soccer à 7,le plateau-mont-royal,sportif
2407,004-0213,aire de jeu  5 à 12 ans,pierrefonds-roxboro,aire de jeu - enfant
2408,003-0171,aire de jeu 18 mois à 5 ans,outremont,aire de jeu - enfant
2409,089-0026,volleyball de plage,lachine,récréatif
2410,050-0062,pataugeoire,rivière-des-prairies-pointe-aux-trembles,récréatif
2411,051-0001,patinoire réfrigérée / basketball,côte-des-neiges-notre-dame-de-grâce,récréatif
2412,071-0007,sentier pédestre,saint-laurent,plein air
2413,004-0057,aire de jeu  5 à 12 ans,ahuntsic-cartierville,aire de jeu - enfant
2414,003-0084,aire de jeu 18 mois à 5 ans,ahuntsic-cartierville,aire de jeu - enfant
2415,081-0019,tennis,lachine,sportif
2416,070-0024,sentier de ski de fond,l'île-bizard-sainte-geneviève,plein air
2417,076-0125,soccer à 7,montréal-nord,sportif
2418,052-0028,patinoire avec bandes,ahuntsic-cartierville,récréatif
2419,003-0221,aire de jeu 18 mois à 5 ans,pierrefonds-roxboro,aire de jeu - enfant
2420,004-0438,aire de jeu  5 à 12 ans,anjou,aire de jeu - enfant
2421,042-0081,jeux d'eau,verdun,récréatif
2422,003-0094,aire de jeu 18 mois à 5 ans,ahuntsic-cartierville,aire de jeu - enfant
2423,003-0509,aire de jeu 18 mois à 5 ans,le plateau-mont-royal,aire de jeu - enfant
2424,038-0001,grotte souterraine,saint-léonard,loisirs et détente
2425,069-0005,sentier de raquette,l'île-bizard-sainte-geneviève,plein air
2426,005-0020,aire de jeu combiné,l'île-bizard-sainte-geneviève,aire de jeu - enfant
2427,004-0432,aire de jeu  5 à 12 ans,anjou,aire de jeu - enfant
2428,073-0011,soccer à 11,ahuntsic-cartierville,sportif
2429,013-0023,aire d'exercice canin,pierrefonds-roxboro,loisirs et détente
2430,016-0079,balle,pierrefonds-roxboro,sportif
2431,003-0219,aire de jeu 18 mois à 5 ans,pierrefonds-roxboro,aire de jeu - enfant
2432,095-0105,pétanque,rosemont-la petite-patrie,loisirs et détente
2433,003-0132,aire de jeu 18 mois à 5 ans,rosemont-la petite-patrie,aire de jeu - enfant
2434,004-0431,aire de jeu  5 à 12 ans,anjou,aire de jeu - enfant
2435,069-0004,sentier de raquette,pierrefonds-roxboro,plein air
2436,021-0060,bocce,saint-léonard,loisirs et détente
2437,003-0060,aire de jeu 18 mois à 5 ans,le plateau-mont-royal,aire de jeu - enfant
2438,003-0373,aire de jeu 18 mois à 5 ans,le sud-ouest,aire de jeu - enfant
2439,004-0452,aire de jeu  5 à 12 ans,villeray-saint-michel-parc-extension,aire de jeu - enfant
2440,075-0070,soccer à 4-5,anjou,sportif
2441,003-0265,aire de jeu 18 mois à 5 ans,l'île-bizard-sainte-geneviève,aire de jeu - enfant
2442,095-0066,pétanque,rivière-des-prairies-pointe-aux-trembles,loisirs et détente
2443,016-0044,balle,rosemont-la petite-patrie,sportif
2444,053-0053,patinoire sans bandes,côte-des-neiges-notre-dame-de-grâce,récréatif
2445,016-0109,balle,le sud-ouest,sportif
2446,081-0058,tennis,verdun,sportif
2447,053-0028,patinoire sans bandes,rosemont-la petite-patrie,récréatif
2448,053-0038,patinoire sans bandes,outremont,récréatif
2449,003-0182,aire de jeu 18 mois à 5 ans,ville-marie,aire de jeu - enfant
2450,016-0146,balle,mercier-hochelaga-maisonneuve,sportif
2451,031-0002,étang / lac,saint-laurent,plein air
2452,004-0287,aire de jeu  5 à 12 ans,lasalle,aire de jeu - enfant
2453,004-0367,aire de jeu  5 à 12 ans,rivière-des-prairies-pointe-aux-trembles,aire de jeu - enfant
2454,042-0070,jeux d'eau,côte-des-neiges-notre-dame-de-grâce,récréatif
2455,070-0005,sentier de ski de fond,lachine,plein air
2456,036-0002,golf,rosemont-la petite-patrie,sportif
2457,095-0001,pétanque,saint-laurent,loisirs et détente
2458,081-0017,tennis,lachine,sportif
2459,070-0028,sentier de ski de fond,le sud-ouest,plein air
2460,003-0151,aire de jeu 18 mois à 5 ans,villeray-saint-michel-parc-extension,aire de jeu - enfant
2461,003-0437,aire de jeu 18 mois à 5 ans,montréal-nord,aire de jeu - enfant
2462,016-0100,balle,verdun,sportif
2463,081-0004,tennis,saint-laurent,sportif
2464,081-0057,tennis,verdun,sportif
2465,003-0299,aire de jeu 18 mois à 5 ans,verdun,aire de jeu - enfant
2466,050-0019,pataugeoire,ahuntsic-cartierville,récréatif
2467,018-0108,basketball,rivière-des-prairies-pointe-aux-trembles,récréatif
2468,077-0002,soccer à 9,lachine,sportif
2469,055-0032,piscine extérieure,pierrefonds-roxboro,récréatif
2470,003-0469,aire de jeu 18 mois à 5 ans,mercier-hochelaga-maisonneuve,aire de jeu - enfant
2471,076-0024,soccer à 7,rosemont-la petite-patrie,sportif
2472,004-0394,aire de jeu  5 à 12 ans,montréal-nord,aire de jeu - enfant
2473,073-0094,soccer à 11,mercier-hochelaga-maisonneuve,sportif
2474,076-0111,soccer à 7,rivière-des-prairies-pointe-aux-trembles,sportif
2475,095-0028,pétanque,rosemont-la petite-patrie,loisirs et détente
2476,003-0487,aire de jeu 18 mois à 5 ans,anjou,aire de jeu - enfant
2477,016-0024,balle,ahuntsic-cartierville,sportif
2478,003-0354,aire de jeu 18 mois à 5 ans,le sud-ouest,aire de jeu - enfant
2479,004-0366,aire de jeu  5 à 12 ans,rivière-des-prairies-pointe-aux-trembles,aire de jeu - enfant
2480,073-0092,soccer à 11,mercier-hochelaga-maisonneuve,sportif
2481,003-0272,aire de jeu 18 mois à 5 ans,côte-des-neiges-notre-dame-de-grâce,aire de jeu - enfant
2482,004-0113,aire de jeu  5 à 12 ans,rosemont-la petite-patrie,aire de jeu - enfant
2483,003-0499,aire de jeu 18 mois à 5 ans,saint-léonard,aire de jeu - enfant
2484,081-0090,tennis,anjou,sportif
2485,063-0011,quai,verdun,plein air
2486,018-0029,basketball,lachine,récréatif
2487,042-0103,jeux d'eau,le sud-ouest,récréatif
2488,004-0146,aire de jeu  5 à 12 ans,villeray-saint-michel-parc-extension,aire de jeu - enfant
2489,073-0054-76-s2,soccer sous-terrain à 7,côte-des-neiges-notre-dame-de-grâce,sportif
2490,003-0127,aire de jeu 18 mois à 5 ans,rosemont-la petite-patrie,aire de jeu - enfant
2491,003-0462,aire de jeu 18 mois à 5 ans,mercier-hochelaga-maisonneuve,aire de jeu - enfant
2492,052-0114,patinoire avec bandes,mercier-hochelaga-maisonneuve,récréatif
2493,004-0106,aire de jeu  5 à 12 ans,rosemont-la petite-patrie,aire de jeu - enfant
2494,089-0041,volleyball de plage,lasalle,récréatif
2495,002-0034,aire de glissade,saint-léonard,loisirs et détente
2496,076-0096,soccer à 7,le sud-ouest,sportif
2497,003-0365,aire de jeu 18 mois à 5 ans,le sud-ouest,aire de jeu - enfant
2498,003-0503,aire de jeu 18 mois à 5 ans,saint-léonard,aire de jeu - enfant
2499,004-0043,aire de jeu  5 à 12 ans,le plateau-mont-royal,aire de jeu - enfant
2500,004-0353,aire de jeu  5 à 12 ans,rivière-des-prairies-pointe-aux-trembles,aire de jeu - enfant
2501,058-0006,piste d'athlétisme (400m) et équipements,ville-marie,sportif
2502,003-0152,aire de jeu 18 mois à 5 ans,villeray-saint-michel-parc-extension,aire de jeu - enfant
2503,004-0177,aire de jeu  5 à 12 ans,pierrefonds-roxboro,aire de jeu - enfant
2504,016-0086,balle,côte-des-neiges-notre-dame-de-grâce,sportif
2505,075-0007,soccer à 4-5,ahuntsic-cartierville,sportif
2506,053-0040,patinoire sans bandes,outremont,récréatif
2507,004-0307,aire de jeu  5 à 12 ans,lasalle,aire de jeu - enfant
2508,018-0085,basketball,côte-des-neiges-notre-dame-de-grâce,récréatif
2509,081-0029,tennis,villeray-saint-michel-parc-extension,sportif
2510,074-0008-76-s1,soccer sous-terrain à 7,lachine,sportif
2511,042-0167,jeux d'eau,mercier-hochelaga-maisonneuve,récréatif
2512,001-0001,abri soleil,saint-laurent,plein air
2513,095-0035,pétanque,rosemont-la petite-patrie,loisirs et détente
2514,076-0001,soccer à 7,saint-laurent,sportif
2515,067-0014,scène,mercier-hochelaga-maisonneuve,loisirs et détente
2516,008-0009,aire de pêche autorisée,pierrefonds-roxboro,plein air
2517,009-0005,aire de pique-nique,saint-laurent,plein air
2518,071-0054,sentier pédestre,rivière-des-prairies-pointe-aux-trembles,plein air
2519,055-0014,piscine extérieure,lachine,récréatif
2520,016-0052,balle,rosemont-la petite-patrie,sportif
2521,003-0229,aire de jeu 18 mois à 5 ans,pierrefonds-roxboro,aire de jeu - enfant
2522,055-0012,piscine extérieure,ahuntsic-cartierville,récréatif
2523,042-0091,jeux d'eau,lasalle,récréatif
2524,036-0003,golf,l'île-bizard-sainte-geneviève,sportif
2525,089-0045,volleyball de plage,le sud-ouest,récréatif
2526,076-0126,soccer à 7,montréal-nord,sportif
2527,073-0035,soccer à 11,villeray-saint-michel-parc-extension,sportif
2528,003-0433,aire de jeu 18 mois à 5 ans,montréal-nord,aire de jeu - enfant
2529,003-0118,aire de jeu 18 mois à 5 ans,rosemont-la petite-patrie,aire de jeu - enfant
2530,004-0441,aire de jeu  5 à 12 ans,saint-léonard,aire de jeu - enfant
2531,073-0069,soccer à 11,lasalle,sportif
2532,042-0093,jeux d'eau,lasalle,récréatif
2533,076-0131,soccer à 7,mercier-hochelaga-maisonneuve,sportif
2534,004-0158,aire de jeu  5 à 12 ans,ville-marie,aire de jeu - enfant
2535,065-0004,patinoire 4 saisons,lachine,récréatif
2536,001-0009,abri soleil,rosemont-la petite-patrie,plein air
2537,095-0055,pétanque,le sud-ouest,loisirs et détente
2538,021-0056,bocce,saint-léonard,loisirs et détente
2539,004-0064,aire de jeu  5 à 12 ans,ahuntsic-cartierville,aire de jeu - enfant
2540,055-0037,piscine extérieure,côte-des-neiges-notre-dame-de-grâce,récréatif
2541,003-0184,aire de jeu 18 mois à 5 ans,ville-marie,aire de jeu - enfant
2542,042-0067,jeux d'eau,lachine,récréatif
2543,021-0016,bocce,villeray-saint-michel-parc-extension,loisirs et détente
2544,018-0035,basketball,rosemont-la petite-patrie,récréatif
2545,004-0074,aire de jeu  5 à 12 ans,ahuntsic-cartierville,aire de jeu - enfant
2546,071-0008,sentier pédestre,ahuntsic-cartierville,plein air
2547,053-0033,patinoire sans bandes,villeray-saint-michel-parc-extension,récréatif
2548,095-0078,pétanque,mercier-hochelaga-maisonneuve,loisirs et détente
2549,076-0124,soccer à 7,montréal-nord,sportif
2550,070-0011,sentier de ski de fond,lachine,plein air
2551,052-0091,patinoire avec bandes,verdun,récréatif
2552,053-0058,patinoire sans bandes,côte-des-neiges-notre-dame-de-grâce,récréatif
2553,067-0002,scène,saint-laurent,loisirs et détente
2554,063-0015,quai,rivière-des-prairies-pointe-aux-trembles,plein air
2555,013-0022,aire d'exercice canin,pierrefonds-roxboro,loisirs et détente
2556,016-0122,balle,rivière-des-prairies-pointe-aux-trembles,sportif
2557,052-0068,patinoire avec bandes,pierrefonds-roxboro,récréatif
2558,042-0053,jeux d'eau,ville-marie,récréatif
2559,016-0087,balle,côte-des-neiges-notre-dame-de-grâce,sportif
2560,018-0047,basketball,villeray-saint-michel-parc-extension,récréatif
2561,003-0004,aire de jeu 18 mois à 5 ans,saint-laurent,aire de jeu - enfant
2562,050-0085,pataugeoire,mercier-hochelaga-maisonneuve,récréatif
2563,003-0482,aire de jeu 18 mois à 5 ans,anjou,aire de jeu - enfant
2564,089-0012,volleyball de plage,le plateau-mont-royal,récréatif
2565,012-0054,aire d'entraînement pour adultes,saint-léonard,loisirs et détente
2566,089-0022,volleyball de plage,ahuntsic-cartierville,récréatif
2567,003-0138,aire de jeu 18 mois à 5 ans,rosemont-la petite-patrie,aire de jeu - enfant
2568,073-0102,soccer à 11,mercier-hochelaga-maisonneuve,sportif
2569,018-0129,basketball,mercier-hochelaga-maisonneuve,récréatif
2570,003-0237,aire de jeu 18 mois à 5 ans,pierrefonds-roxboro,aire de jeu - enfant
2571,018-0032,basketball,rosemont-la petite-patrie,récréatif
2572,012-0051,aire d'entraînement pour adultes,saint-léonard,loisirs et détente
2573,050-0048,pataugeoire,pierrefonds-roxboro,récréatif
2574,004-0200,aire de jeu  5 à 12 ans,pierrefonds-roxboro,aire de jeu - enfant
2575,042-0089,jeux d'eau,lasalle,récréatif
2576,004-0010,aire de jeu  5 à 12 ans,saint-laurent,aire de jeu - enfant
2577,003-0157,aire de jeu 18 mois à 5 ans,villeray-saint-michel-parc-extension,aire de jeu - enfant
2578,003-0047,aire de jeu 18 mois à 5 ans,le plateau-mont-royal,aire de jeu - enfant
2579,076-0088,soccer à 7,lasalle,sportif
2580,075-0060,soccer à 4-5,rivière-des-prairies-pointe-aux-trembles,sportif
2581,003-0109,aire de jeu 18 mois à 5 ans,lachine,aire de jeu - enfant
2582,042-0127,jeux d'eau,mercier-hochelaga-maisonneuve,récréatif
2583,058-0009,piste d'athlétisme (400m) et équipements,pierrefonds-roxboro,sportif
2584,003-0170,aire de jeu 18 mois à 5 ans,outremont,aire de jeu - enfant
2585,049-0018,pastille - basketball,lasalle,récréatif
2586,021-0014,bocce,villeray-saint-michel-parc-extension,loisirs et détente
2587,004-0360,aire de jeu  5 à 12 ans,rivière-des-prairies-pointe-aux-trembles,aire de jeu - enfant
2588,003-0316,aire de jeu 18 mois à 5 ans,verdun,aire de jeu - enfant
2589,054-0018,ping-pong,ville-marie,loisirs et détente
2590,042-0116,jeux d'eau,rivière-des-prairies-pointe-aux-trembles,récréatif
2591,009-0020,aire de pique-nique,pierrefonds-roxboro,plein air
2592,003-0308,aire de jeu 18 mois à 5 ans,verdun,aire de jeu - enfant
2593,004-0217,aire de jeu  5 à 12 ans,pierrefonds-roxboro,aire de jeu - enfant
2594,051-0006,patinoire réfrigérée / basketball,villeray-saint-michel-parc-extension,récréatif
2595,003-0439,aire de jeu 18 mois à 5 ans,montréal-nord,aire de jeu - enfant
2596,055-0045,piscine extérieure,lasalle,récréatif
2597,008-0011,aire de pêche autorisée,l'île-bizard-sainte-geneviève,plein air
2598,071-0044,sentier pédestre,l'île-bizard-sainte-geneviève,plein air
2599,050-0095,pataugeoire,anjou,récréatif
2600,076-0008,soccer à 7,le plateau-mont-royal,sportif
2601,074-0005,soccer / football,ahuntsic-cartierville,sportif
2602,009-0009,aire de pique-nique,saint-laurent,plein air
2603,076-0057,soccer à 7,pierrefonds-roxboro,sportif
2604,018-0107,basketball,rivière-des-prairies-pointe-aux-trembles,récréatif
2605,003-0495,aire de jeu 18 mois à 5 ans,anjou,aire de jeu - enfant
2606,003-0175,aire de jeu 18 mois à 5 ans,outremont,aire de jeu - enfant
2607,089-0061,volleyball de plage,rivière-des-prairies-pointe-aux-trembles,récréatif
2608,069-0010,sentier de raquette,rivière-des-prairies-pointe-aux-trembles,plein air
2609,050-0056,pataugeoire,verdun,récréatif
2610,020-0013,belvédère,l'île-bizard-sainte-geneviève,loisirs et détente
2611,018-0011,basketball,saint-laurent,récréatif
2612,075-0042,soccer à 4-5,pierrefonds-roxboro,sportif
2613,081-0014,tennis,ahuntsic-cartierville,sportif
2614,032-0022,fer / galet,le sud-ouest,loisirs et détente
2615,064-0016,rampe de mise à l'eau / descente de bateaux,rivière-des-prairies-pointe-aux-trembles,plein air
2616,089-0052,volleyball de plage,mercier-hochelaga-maisonneuve,récréatif
2617,004-0150,aire de jeu  5 à 12 ans,villeray-saint-michel-parc-extension,aire de jeu - enfant
2618,003-0292,aire de jeu 18 mois à 5 ans,côte-des-neiges-notre-dame-de-grâce,aire de jeu - enfant
2619,004-0029,aire de jeu  5 à 12 ans,saint-laurent,aire de jeu - enfant
2620,003-0486,aire de jeu 18 mois à 5 ans,anjou,aire de jeu - enfant
2621,003-0338,aire de jeu 18 mois à 5 ans,lasalle,aire de jeu - enfant
2622,031-0008,étang / lac,outremont,plein air
2623,064-0010,rampe de mise à l'eau / descente de bateaux,l'île-bizard-sainte-geneviève,plein air
2624,004-0267,aire de jeu  5 à 12 ans,verdun,aire de jeu - enfant
2625,018-0067,basketball,pierrefonds-roxboro,récréatif
2626,003-0399,aire de jeu 18 mois à 5 ans,rivière-des-prairies-pointe-aux-trembles,aire de jeu - enfant
2627,052-0108,patinoire avec bandes,rivière-des-prairies-pointe-aux-trembles,récréatif
2628,003-0252,aire de jeu 18 mois à 5 ans,l'île-bizard-sainte-geneviève,aire de jeu - enfant
2629,073-0037-76-s2,soccer sous-terrain à 7,outremont,sportif
2630,073-0063-76-s1,soccer sous-terrain à 7,verdun,sportif
2631,007-0003,aire de lancer athlétisme,saint-laurent,sportif
2632,004-0312,aire de jeu  5 à 12 ans,le sud-ouest,aire de jeu - enfant
2633,042-0112,jeux d'eau,rivière-des-prairies-pointe-aux-trembles,récréatif
2634,050-0009,pataugeoire,saint-laurent,récréatif
2635,016-0107,balle,lasalle,sportif
2636,003-0309,aire de jeu 18 mois à 5 ans,verdun,aire de jeu - enfant
2637,081-0007,tennis,saint-laurent,sportif
2638,004-0297,aire de jeu  5 à 12 ans,lasalle,aire de jeu - enfant
2639,081-0050,tennis,l'île-bizard-sainte-geneviève,sportif
2640,020-0015,belvédère,verdun,loisirs et détente
2641,016-0129,balle,montréal-nord,sportif
2642,018-0041,basketball,villeray-saint-michel-parc-extension,récréatif
2643,021-0040,bocce,rivière-des-prairies-pointe-aux-trembles,loisirs et détente
2644,042-0099,jeux d'eau,lasalle,récréatif
2645,075-0012,soccer à 4-5,lachine,sportif
2646,003-0268,aire de jeu 18 mois à 5 ans,côte-des-neiges-notre-dame-de-grâce,aire de jeu - enfant
2647,003-0205,aire de jeu 18 mois à 5 ans,pierrefonds-roxboro,aire de jeu - enfant
2648,003-0498,aire de jeu 18 mois à 5 ans,saint-léonard,aire de jeu - enfant
2649,032-0009,fer / galet,villeray-saint-michel-parc-extension,loisirs et détente
2650,004-0127,aire de jeu  5 à 12 ans,rosemont-la petite-patrie,aire de jeu - enfant
2651,095-0101,pétanque,ville-marie,loisirs et détente
2652,004-0445,aire de jeu  5 à 12 ans,saint-léonard,aire de jeu - enfant
2653,052-0053,patinoire avec bandes,villeray-saint-michel-parc-extension,récréatif
2654,066-0001,rugby / soccer à 11,ahuntsic-cartierville,sportif
2655,001-0003,abri soleil,saint-laurent,plein air
2656,003-0362,aire de jeu 18 mois à 5 ans,le sud-ouest,aire de jeu - enfant
2657,011-0002,aire de tir à l'arc,lachine,sportif
2658,073-0034,soccer à 11,villeray-saint-michel-parc-extension,sportif
2659,074-0024,soccer / football,rivière-des-prairies-pointe-aux-trembles,sportif
2660,076-0073,soccer à 7,côte-des-neiges-notre-dame-de-grâce,sportif
2661,076-0052,soccer à 7,pierrefonds-roxboro,sportif
2662,004-0357,aire de jeu  5 à 12 ans,rivière-des-prairies-pointe-aux-trembles,aire de jeu - enfant
2663,043-0003,marina,verdun,plein air
2664,064-0019,rampe de mise à l'eau / descente de bateaux,lachine,plein air
2665,095-0014,pétanque,ahuntsic-cartierville,loisirs et détente
2666,004-0421,aire de jeu  5 à 12 ans,mercier-hochelaga-maisonneuve,aire de jeu - enfant
2667,045-0003,multisport,lasalle,sportif
2668,018-0117,basketball,montréal-nord,récréatif
2669,016-0008,balle,saint-laurent,sportif
2670,021-0048,bocce,mercier-hochelaga-maisonneuve,loisirs et détente
2671,095-0019,pétanque,ahuntsic-cartierville,loisirs et détente
2672,013-0028,aire d'exercice canin,verdun,loisirs et détente
2673,005-0019,aire de jeu combiné,pierrefonds-roxboro,aire de jeu - enfant
2674,055-0053,piscine extérieure,le sud-ouest,récréatif
2675,016-0094,balle,côte-des-neiges-notre-dame-de-grâce,sportif
2676,053-0049,patinoire sans bandes,côte-des-neiges-notre-dame-de-grâce,récréatif
2677,003-0110,aire de jeu 18 mois à 5 ans,lachine,aire de jeu - enfant
2678,095-0047,pétanque,côte-des-neiges-notre-dame-de-grâce,loisirs et détente
2679,016-0147,balle,mercier-hochelaga-maisonneuve,sportif
2680,021-0053,bocce,saint-léonard,loisirs et détente
2681,013-0037,aire d'exercice canin,le sud-ouest,loisirs et détente
2682,003-0190,aire de jeu 18 mois à 5 ans,ville-marie,aire de jeu - enfant
2683,081-0072,tennis,le sud-ouest,sportif
2684,042-0073,jeux d'eau,verdun,récréatif
2685,021-0024,bocce,pierrefonds-roxboro,loisirs et détente
2686,003-0192,aire de jeu 18 mois à 5 ans,ville-marie,aire de jeu - enfant
2687,003-0049,aire de jeu 18 mois à 5 ans,le plateau-mont-royal,aire de jeu - enfant
2688,018-0002,basketball,saint-laurent,récréatif
2689,003-0295,aire de jeu 18 mois à 5 ans,verdun,aire de jeu - enfant
2690,073-0029,soccer à 11,villeray-saint-michel-parc-extension,sportif
2691,009-0046,aire de pique-nique,montréal-nord,plein air
2692,045-0002,multisport,côte-des-neiges-notre-dame-de-grâce,sportif
2693,081-0084,tennis,montréal-nord,sportif
2694,018-0024,basketball,ahuntsic-cartierville,récréatif
2695,073-0093,soccer à 11,mercier-hochelaga-maisonneuve,sportif
2696,010-0006,aire de planche à roulette,lachine,récréatif
2697,076-0059,soccer à 7,l'île-bizard-sainte-geneviève,sportif
2698,020-0008,belvédère,pierrefonds-roxboro,loisirs et détente
2699,003-0455,aire de jeu 18 mois à 5 ans,mercier-hochelaga-maisonneuve,aire de jeu - enfant
2700,016-0136,balle,mercier-hochelaga-maisonneuve,sportif
2701,003-0493,aire de jeu 18 mois à 5 ans,anjou,aire de jeu - enfant
2702,055-0060,piscine extérieure,montréal-nord,récréatif
2703,016-0026,balle,ahuntsic-cartierville,sportif
2704,003-0089,aire de jeu 18 mois à 5 ans,ahuntsic-cartierville,aire de jeu - enfant
2705,089-0062,volleyball de plage,saint-léonard,récréatif
2706,021-0034,bocce,le sud-ouest,loisirs et détente
2707,069-0001,sentier de raquette,saint-laurent,plein air
2708,018-0031,basketball,lachine,récréatif
2709,003-0472,aire de jeu 18 mois à 5 ans,mercier-hochelaga-maisonneuve,aire de jeu - enfant
2710,076-0014,soccer à 7,ahuntsic-cartierville,sportif
2711,004-0294,aire de jeu  5 à 12 ans,lasalle,aire de jeu - enfant
2712,023-0001,boulingrin,pierrefonds-roxboro,loisirs et détente
2713,004-0195,aire de jeu  5 à 12 ans,pierrefonds-roxboro,aire de jeu - enfant
2714,012-0037,aire d'entraînement pour adultes,mercier-hochelaga-maisonneuve,loisirs et détente
2715,067-0013,scène,montréal-nord,loisirs et détente
2716,077-0001,soccer à 9,ahuntsic-cartierville,sportif
2717,003-0059,aire de jeu 18 mois à 5 ans,le plateau-mont-royal,aire de jeu - enfant
2718,093-0001,agilité canine,rivière-des-prairies-pointe-aux-trembles,loisirs et détente
2719,053-0088,patinoire sans bandes,mercier-hochelaga-maisonneuve,récréatif
2720,004-0069,aire de jeu  5 à 12 ans,ahuntsic-cartierville,aire de jeu - enfant
2721,076-0060,soccer à 7,l'île-bizard-sainte-geneviève,sportif
2722,081-0036,tennis,pierrefonds-roxboro,sportif
2723,005-0010,aire de jeu combiné,villeray-saint-michel-parc-extension,aire de jeu - enfant
2724,034-0006,football,verdun,sportif
2725,065-0002,patinoire 4 saisons,rosemont-la petite-patrie,récréatif
2726,050-0024,pataugeoire,lachine,récréatif
2727,003-0250,aire de jeu 18 mois à 5 ans,l'île-bizard-sainte-geneviève,aire de jeu - enfant
2728,073-0055-76-s2,soccer sous-terrain à 7,côte-des-neiges-notre-dame-de-grâce,sportif
2729,073-0056-76-s1,soccer sous-terrain à 7,côte-des-neiges-notre-dame-de-grâce,sportif
2730,095-0003,pétanque,saint-laurent,loisirs et détente
2731,003-0082,aire de jeu 18 mois à 5 ans,ahuntsic-cartierville,aire de jeu - enfant
2732,075-0066,soccer à 4-5,mercier-hochelaga-maisonneuve,sportif
2733,073-0079,soccer à 11,rivière-des-prairies-pointe-aux-trembles,sportif
2734,004-0145,aire de jeu  5 à 12 ans,villeray-saint-michel-parc-extension,aire de jeu - enfant
2735,089-0007,volleyball de plage,le plateau-mont-royal,récréatif
2736,073-0083,soccer à 11,rivière-des-prairies-pointe-aux-trembles,sportif
2737,003-0214,aire de jeu 18 mois à 5 ans,pierrefonds-roxboro,aire de jeu - enfant
2738,021-0042,bocce,montréal-nord,loisirs et détente
2739,076-0071,soccer à 7,côte-des-neiges-notre-dame-de-grâce,sportif
2740,071-0043,sentier pédestre,l'île-bizard-sainte-geneviève,plein air
2741,016-0017,balle,ahuntsic-cartierville,sportif
2742,050-0025,pataugeoire,rosemont-la petite-patrie,récréatif
2743,004-0242,aire de jeu  5 à 12 ans,côte-des-neiges-notre-dame-de-grâce,aire de jeu - enfant
2744,032-0003,fer / galet,ahuntsic-cartierville,loisirs et détente
2745,012-0056,aire d'entraînement pour adultes,saint-léonard,loisirs et détente
2746,003-0361,aire de jeu 18 mois à 5 ans,le sud-ouest,aire de jeu - enfant
2747,052-0027,patinoire avec bandes,ahuntsic-cartierville,récréatif
2748,089-0014,volleyball de plage,ahuntsic-cartierville,récréatif
2749,074-0025-76-s2,soccer sous-terrain à 7,rivière-des-prairies-pointe-aux-trembles,sportif
2750,003-0371,aire de jeu 18 mois à 5 ans,le sud-ouest,aire de jeu - enfant
2751,063-0008,quai,l'île-bizard-sainte-geneviève,plein air
2752,004-0463,aire de jeu  5 à 12 ans,villeray-saint-michel-parc-extension,aire de jeu - enfant
2753,003-0016,aire de jeu 18 mois à 5 ans,saint-laurent,aire de jeu - enfant
2754,004-0199,aire de jeu  5 à 12 ans,pierrefonds-roxboro,aire de jeu - enfant
2755,042-0031,jeux d'eau,lachine,récréatif
2756,003-0142,aire de jeu 18 mois à 5 ans,villeray-saint-michel-parc-extension,aire de jeu - enfant
2757,005-0038,aire de jeu combiné,saint-léonard,aire de jeu - enfant
2758,076-0065,soccer à 7,côte-des-neiges-notre-dame-de-grâce,sportif
2759,071-0013,sentier pédestre,ahuntsic-cartierville,plein air
2760,071-0063,sentier pédestre,pierrefonds-roxboro,plein air
2761,053-0027,patinoire sans bandes,rosemont-la petite-patrie,récréatif
2762,003-0107,aire de jeu 18 mois à 5 ans,ahuntsic-cartierville,aire de jeu - enfant
2763,049-0003,pastille - basketball,le plateau-mont-royal,récréatif
2764,071-0061,sentier pédestre,mercier-hochelaga-maisonneuve,plein air
2765,005-0005,aire de jeu combiné,villeray-saint-michel-parc-extension,aire de jeu - enfant
2766,016-0120,balle,rivière-des-prairies-pointe-aux-trembles,sportif
2767,089-0035,volleyball de plage,ville-marie,récréatif
2768,031-0007,étang / lac,villeray-saint-michel-parc-extension,plein air
2769,042-0088,jeux d'eau,lasalle,récréatif
2770,049-0004,pastille - basketball,le plateau-mont-royal,récréatif
2771,095-0038,pétanque,villeray-saint-michel-parc-extension,loisirs et détente
2772,003-0012,aire de jeu 18 mois à 5 ans,saint-laurent,aire de jeu - enfant
2773,009-0026,aire de pique-nique,l'île-bizard-sainte-geneviève,plein air
2774,095-0083,pétanque,mercier-hochelaga-maisonneuve,loisirs et détente
2775,075-0056,soccer à 4-5,lasalle,sportif
2776,004-0189,aire de jeu  5 à 12 ans,pierrefonds-roxboro,aire de jeu - enfant
2777,067-0004,scène,rosemont-la petite-patrie,loisirs et détente
2778,003-0164,aire de jeu 18 mois à 5 ans,villeray-saint-michel-parc-extension,aire de jeu - enfant
2779,042-0063,jeux d'eau,côte-des-neiges-notre-dame-de-grâce,récréatif
2780,004-0095,aire de jeu  5 à 12 ans,lachine,aire de jeu - enfant
2781,004-0333,aire de jeu  5 à 12 ans,rivière-des-prairies-pointe-aux-trembles,aire de jeu - enfant
2782,076-0009,soccer à 7,le plateau-mont-royal,sportif
2783,072-0003,anneau / rond de glace,saint-laurent,loisirs et détente
2784,073-0091,soccer à 11,mercier-hochelaga-maisonneuve,sportif
2785,016-0091,balle,côte-des-neiges-notre-dame-de-grâce,sportif
2786,072-0025,anneau / rond de glace,rivière-des-prairies-pointe-aux-trembles,loisirs et détente
2787,071-0018,sentier pédestre,ahuntsic-cartierville,plein air
2788,076-0005,soccer à 7,saint-laurent,sportif
2789,003-0010,aire de jeu 18 mois à 5 ans,saint-laurent,aire de jeu - enfant
2790,003-0043,aire de jeu 18 mois à 5 ans,le plateau-mont-royal,aire de jeu - enfant
2791,050-0037,pataugeoire,villeray-saint-michel-parc-extension,récréatif
2792,051-0004,patinoire réfrigérée / basketball,montréal-nord,récréatif
2793,055-0023,piscine extérieure,villeray-saint-michel-parc-extension,récréatif
2794,064-0006,rampe de mise à l'eau / descente de bateaux,pierrefonds-roxboro,plein air
2795,042-0060,jeux d'eau,côte-des-neiges-notre-dame-de-grâce,récréatif
2796,058-0002,piste d'athlétisme (400m) et équipements,saint-laurent,sportif
2797,016-0068,balle,villeray-saint-michel-parc-extension,sportif
2798,042-0134,jeux d'eau,anjou,récréatif
2799,037-0008,grève / plage,l'île-bizard-sainte-geneviève,plein air
2800,004-0460,aire de jeu  5 à 12 ans,ville-marie,aire de jeu - enfant
2801,005-0026,aire de jeu combiné,verdun,aire de jeu - enfant
2802,003-0474,aire de jeu 18 mois à 5 ans,mercier-hochelaga-maisonneuve,aire de jeu - enfant
2803,018-0112,basketball,rivière-des-prairies-pointe-aux-trembles,récréatif
2804,003-0351,aire de jeu 18 mois à 5 ans,le sud-ouest,aire de jeu - enfant
2805,089-0015,volleyball de plage,ahuntsic-cartierville,récréatif
2806,016-0096,balle,verdun,sportif
2807,004-0203,aire de jeu  5 à 12 ans,pierrefonds-roxboro,aire de jeu - enfant
2808,009-0010,aire de pique-nique,saint-laurent,plein air
2809,033-0002,ferme,le sud-ouest,loisirs et détente
2810,055-0058,piscine extérieure,rivière-des-prairies-pointe-aux-trembles,récréatif
2811,016-0065,balle,villeray-saint-michel-parc-extension,sportif
2812,076-0036,soccer à 7,villeray-saint-michel-parc-extension,sportif
2813,076-0129,soccer à 7,mercier-hochelaga-maisonneuve,sportif
2814,003-0276,aire de jeu 18 mois à 5 ans,côte-des-neiges-notre-dame-de-grâce,aire de jeu - enfant
2815,064-0004,rampe de mise à l'eau / descente de bateaux,lachine,plein air
2816,005-0024,aire de jeu combiné,l'île-bizard-sainte-geneviève,aire de jeu - enfant
2817,059-0003,piste d'athlétisme (440m) et équipements,mercier-hochelaga-maisonneuve,sportif
2818,052-0062,patinoire avec bandes,pierrefonds-roxboro,récréatif
2819,013-0008,aire d'exercice canin,le plateau-mont-royal,loisirs et détente
2820,042-0096,jeux d'eau,lasalle,récréatif
2821,003-0497,aire de jeu 18 mois à 5 ans,saint-léonard,aire de jeu - enfant
2822,072-0028,anneau / rond de glace,montréal-nord,loisirs et détente
2823,004-0210,aire de jeu  5 à 12 ans,pierrefonds-roxboro,aire de jeu - enfant
2824,018-0098,basketball,lasalle,récréatif
2825,010-0008,aire de planche à roulette,rosemont-la petite-patrie,récréatif
2826,028-0002,croquet,ahuntsic-cartierville,récréatif
2827,069-0009,sentier de raquette,rivière-des-prairies-pointe-aux-trembles,plein air
2828,027-0003,cricket,verdun,sportif
2829,010-0016,aire de planche à roulette,côte-des-neiges-notre-dame-de-grâce,récréatif
2830,071-0002,sentier pédestre,saint-laurent,plein air
2831,056-0006,piste cyclable,ville-marie,plein air
2832,008-0001,aire de pêche autorisée,ahuntsic-cartierville,plein air
2833,022-0001,boisé,l'île-bizard-sainte-geneviève,plein air
2834,018-0045,basketball,villeray-saint-michel-parc-extension,récréatif
2835,009-0038,aire de pique-nique,le sud-ouest,plein air
2836,072-0018,anneau / rond de glace,outremont,loisirs et détente
2837,002-0028,aire de glissade,mercier-hochelaga-maisonneuve,loisirs et détente
2838,075-0038,soccer à 4-5,pierrefonds-roxboro,sportif
2839,031-0001,étang / lac,saint-laurent,plein air
2840,012-0009,aire d'entraînement pour adultes,ahuntsic-cartierville,loisirs et détente
2841,089-0024,volleyball de plage,ahuntsic-cartierville,récréatif
2842,050-0094,pataugeoire,anjou,récréatif
2843,095-0068,pétanque,rivière-des-prairies-pointe-aux-trembles,loisirs et détente
2844,070-0003,sentier de ski de fond,ahuntsic-cartierville,plein air
2845,004-0348,aire de jeu  5 à 12 ans,rivière-des-prairies-pointe-aux-trembles,aire de jeu - enfant
2846,052-0039,patinoire avec bandes,rosemont-la petite-patrie,récréatif
2847,004-0041,aire de jeu  5 à 12 ans,le plateau-mont-royal,aire de jeu - enfant
2848,073-0028,soccer à 11,villeray-saint-michel-parc-extension,sportif
2849,021-0023,bocce,pierrefonds-roxboro,loisirs et détente
2850,018-0140,basketball,saint-léonard,récréatif
2851,009-0015,aire de pique-nique,pierrefonds-roxboro,plein air
2852,042-0004,jeux d'eau,saint-laurent,récréatif
2853,016-0075,balle,pierrefonds-roxboro,sportif
2854,052-0021,patinoire avec bandes,le plateau-mont-royal,récréatif
2855,009-0044,aire de pique-nique,montréal-nord,plein air
2856,003-0311,aire de jeu 18 mois à 5 ans,verdun,aire de jeu - enfant
2857,095-0040,pétanque,ville-marie,loisirs et détente
2858,052-0036,patinoire avec bandes,lachine,récréatif
2859,016-0004,balle,saint-laurent,sportif
2860,073-0010,soccer à 11,ahuntsic-cartierville,sportif
2861,095-0027,pétanque,rosemont-la petite-patrie,loisirs et détente
2862,005-0018,aire de jeu combiné,pierrefonds-roxboro,aire de jeu - enfant
2863,004-0163,aire de jeu  5 à 12 ans,ville-marie,aire de jeu - enfant
2864,081-0038,tennis,pierrefonds-roxboro,sportif
2865,071-0045,sentier pédestre,l'île-bizard-sainte-geneviève,plein air
2866,004-0225,aire de jeu  5 à 12 ans,pierrefonds-roxboro,aire de jeu - enfant
2867,016-0160,balle,saint-léonard,sportif
2868,074-0011,soccer / football,ville-marie,sportif
2869,003-0172,aire de jeu 18 mois à 5 ans,outremont,aire de jeu - enfant
2870,003-0063,aire de jeu 18 mois à 5 ans,le plateau-mont-royal,aire de jeu - enfant
2871,042-0094,jeux d'eau,lasalle,récréatif
2872,071-0049,sentier pédestre,verdun,plein air
2873,073-0054-76-s1,soccer sous-terrain à 7,côte-des-neiges-notre-dame-de-grâce,sportif
2874,095-0110,pétanque,montréal-nord,loisirs et détente
2875,070-0027,sentier de ski de fond,côte-des-neiges-notre-dame-de-grâce,plein air
2876,076-0050,soccer à 7,pierrefonds-roxboro,sportif
2877,006-0001,aire de jeu pour adolescents,mercier-hochelaga-maisonneuve,loisirs et détente
2878,012-0027,aire d'entraînement pour adultes,rivière-des-prairies-pointe-aux-trembles,loisirs et détente
2879,081-0065,tennis,lasalle,sportif
2880,076-0149,soccer à 7,saint-léonard,sportif
2881,073-0095,soccer à 11,mercier-hochelaga-maisonneuve,sportif
2882,042-0114,jeux d'eau,rivière-des-prairies-pointe-aux-trembles,récréatif
2883,050-0021,pataugeoire,lachine,récréatif
2884,003-0123,aire de jeu 18 mois à 5 ans,rosemont-la petite-patrie,aire de jeu - enfant
2885,016-0033,balle,ahuntsic-cartierville,sportif
2886,016-0049,balle,rosemont-la petite-patrie,sportif
2887,081-0088,tennis,mercier-hochelaga-maisonneuve,sportif
2888,016-0076,balle,pierrefonds-roxboro,sportif
2889,075-0073,soccer à 4-5,saint-léonard,sportif
2890,016-0067,balle,villeray-saint-michel-parc-extension,sportif
2891,031-0013,étang / lac,verdun,plein air
2892,073-0018,soccer à 11,ahuntsic-cartierville,sportif
2893,009-0008,aire de pique-nique,saint-laurent,plein air
2894,095-0056,pétanque,le sud-ouest,loisirs et détente
2895,004-0373,aire de jeu  5 à 12 ans,rivière-des-prairies-pointe-aux-trembles,aire de jeu - enfant
2896,004-0264,aire de jeu  5 à 12 ans,verdun,aire de jeu - enfant
2897,055-0067,piscine extérieure,anjou,récréatif
2898,003-0240,aire de jeu 18 mois à 5 ans,pierrefonds-roxboro,aire de jeu - enfant
2899,095-0075,pétanque,mercier-hochelaga-maisonneuve,loisirs et détente
2900,050-0004,pataugeoire,saint-laurent,récréatif
2901,004-0451,aire de jeu  5 à 12 ans,le sud-ouest,aire de jeu - enfant
2902,071-0015,sentier pédestre,ahuntsic-cartierville,plein air
2903,052-0129,patinoire avec bandes,saint-léonard,récréatif
2904,076-0007,soccer à 7,le plateau-mont-royal,sportif
2905,013-0047,aire d'exercice canin,le sud-ouest,loisirs et détente
2906,021-0006,bocce,ahuntsic-cartierville,loisirs et détente
2907,018-0118,basketball,montréal-nord,récréatif
2908,076-0117,soccer à 7,rivière-des-prairies-pointe-aux-trembles,sportif
2909,048-0012,palet,saint-laurent,loisirs et détente
2910,058-0017,piste d'athlétisme (400m) et équipements,montréal-nord,sportif
2911,004-0261,aire de jeu  5 à 12 ans,verdun,aire de jeu - enfant
2912,058-0005,piste d'athlétisme (400m) et équipements,rosemont-la petite-patrie,sportif
2913,073-0099,soccer à 11 - stade saputo,mercier-hochelaga-maisonneuve,sportif
2914,003-0055,aire de jeu 18 mois à 5 ans,le plateau-mont-royal,aire de jeu - enfant
2915,004-0068,aire de jeu  5 à 12 ans,ahuntsic-cartierville,aire de jeu - enfant
2916,004-0035,aire de jeu  5 à 12 ans,le plateau-mont-royal,aire de jeu - enfant
2917,016-0156,balle,saint-léonard,sportif
2918,004-0418,aire de jeu  5 à 12 ans,mercier-hochelaga-maisonneuve,aire de jeu - enfant
2919,072-0014,anneau / rond de glace,saint-laurent,loisirs et détente
2920,081-0027,tennis,villeray-saint-michel-parc-extension,sportif
2921,076-0016,soccer à 7,ahuntsic-cartierville,sportif
2922,034-0013,football,saint-laurent,sportif
2923,001-0010,abri soleil,villeray-saint-michel-parc-extension,plein air
2924,067-0008,scène,villeray-saint-michel-parc-extension,loisirs et détente
2925,016-0066,balle,villeray-saint-michel-parc-extension,sportif
2926,004-0032,aire de jeu  5 à 12 ans,saint-laurent,aire de jeu - enfant
2927,018-0009,basketball,saint-laurent,récréatif
2928,050-0016,pataugeoire,ahuntsic-cartierville,récréatif
2929,003-0477,aire de jeu 18 mois à 5 ans,mercier-hochelaga-maisonneuve,aire de jeu - enfant
2930,087-0001,ultimate frisbee,rosemont-la petite-patrie,sportif
2931,004-0250,aire de jeu  5 à 12 ans,côte-des-neiges-notre-dame-de-grâce,aire de jeu - enfant
2932,004-0383,aire de jeu  5 à 12 ans,montréal-nord,aire de jeu - enfant
2933,089-0058,volleyball de plage,saint-léonard,récréatif
2934,004-0315,aire de jeu  5 à 12 ans,le sud-ouest,aire de jeu - enfant
2935,053-0064,patinoire sans bandes,lasalle,récréatif
2936,073-0043,soccer à 11,pierrefonds-roxboro,sportif
2937,052-0011,patinoire avec bandes,saint-laurent,récréatif
2938,053-0034,patinoire sans bandes,villeray-saint-michel-parc-extension,récréatif
2939,054-0020,ping-pong,rosemont-la petite-patrie,loisirs et détente
2940,012-0044,aire d'entraînement pour adultes,lasalle,loisirs et détente
2941,004-0425,aire de jeu  5 à 12 ans,mercier-hochelaga-maisonneuve,aire de jeu - enfant
2942,042-0142,jeux d'eau,le sud-ouest,récréatif
2943,018-0023,basketball,ahuntsic-cartierville,récréatif
2944,005-0025,aire de jeu combiné,verdun,aire de jeu - enfant
2945,018-0141,basketball,saint-léonard,récréatif
2946,004-0320,aire de jeu  5 à 12 ans,le sud-ouest,aire de jeu - enfant
2947,095-0054,pétanque,le sud-ouest,loisirs et détente
2948,001-0011,abri soleil,ville-marie,plein air
2949,003-0153,aire de jeu 18 mois à 5 ans,villeray-saint-michel-parc-extension,aire de jeu - enfant
2950,071-0028,sentier pédestre,lachine,plein air
2951,016-0114,balle,le sud-ouest,sportif
2952,052-0016,patinoire avec bandes,le plateau-mont-royal,récréatif
2953,004-0338,aire de jeu  5 à 12 ans,rivière-des-prairies-pointe-aux-trembles,aire de jeu - enfant
2954,008-0003,aire de pêche autorisée,lachine,plein air
2955,003-0052,aire de jeu 18 mois à 5 ans,le plateau-mont-royal,aire de jeu - enfant
2956,013-0026,aire d'exercice canin,côte-des-neiges-notre-dame-de-grâce,loisirs et détente
2957,003-0195,aire de jeu 18 mois à 5 ans,ville-marie,aire de jeu - enfant
2958,065-0007,patinoire 4 saisons,ville-marie,récréatif
2959,075-0003,soccer à 4-5,saint-laurent,sportif
2960,055-0048,piscine extérieure,lasalle,récréatif
2961,050-0093,pataugeoire,anjou,récréatif
2962,071-0053,sentier pédestre,rivière-des-prairies-pointe-aux-trembles,plein air
2963,004-0221,aire de jeu  5 à 12 ans,pierrefonds-roxboro,aire de jeu - enfant
2964,042-0126,jeux d'eau,mercier-hochelaga-maisonneuve,récréatif
2965,076-0066,soccer à 7,côte-des-neiges-notre-dame-de-grâce,sportif
2966,009-0023,aire de pique-nique,pierrefonds-roxboro,plein air
2967,016-0022,balle,ahuntsic-cartierville,sportif
2968,003-0427,aire de jeu 18 mois à 5 ans,rivière-des-prairies-pointe-aux-trembles,aire de jeu - enfant
2969,016-0077,balle,pierrefonds-roxboro,sportif
2970,053-0024,patinoire sans bandes,rosemont-la petite-patrie,récréatif
2971,052-0117,patinoire avec bandes,mercier-hochelaga-maisonneuve,récréatif
2972,010-0012,aire de planche à roulette,outremont,récréatif
2973,052-0023,patinoire avec bandes,ahuntsic-cartierville,récréatif
2974,052-0018,patinoire avec bandes,le plateau-mont-royal,récréatif
2975,076-0083,soccer à 7,lasalle,sportif
2976,070-0029,sentier de ski de fond,rivière-des-prairies-pointe-aux-trembles,plein air
2977,053-0067,patinoire sans bandes,le sud-ouest,récréatif
2978,004-0050,aire de jeu  5 à 12 ans,le plateau-mont-royal,aire de jeu - enfant
2979,002-0032,aire de glissade,anjou,loisirs et détente
2980,032-0011,fer / galet,le sud-ouest,loisirs et détente
2981,076-0049,soccer à 7,pierrefonds-roxboro,sportif
2982,076-0042,soccer à 7,outremont,sportif
2983,049-0023,pastille - basketball,le sud-ouest,récréatif
2984,063-0016,quai,montréal-nord,plein air
2985,016-0105,balle,lasalle,sportif
2986,004-0141,aire de jeu  5 à 12 ans,villeray-saint-michel-parc-extension,aire de jeu - enfant
2987,016-0054,balle,rosemont-la petite-patrie,sportif
2988,009-0012,aire de pique-nique,rosemont-la petite-patrie,plein air
2989,004-0024,aire de jeu  5 à 12 ans,saint-laurent,aire de jeu - enfant
2990,042-0100,jeux d'eau,lasalle,récréatif
2991,053-0021,patinoire sans bandes,lachine,récréatif
2992,048-0002,palet,lasalle,loisirs et détente
2993,004-0423,aire de jeu  5 à 12 ans,mercier-hochelaga-maisonneuve,aire de jeu - enfant
2994,016-0078,balle,pierrefonds-roxboro,sportif
2995,003-0470,aire de jeu 18 mois à 5 ans,mercier-hochelaga-maisonneuve,aire de jeu - enfant
2996,002-0024,aire de glissade,le sud-ouest,loisirs et détente
2997,016-0130,balle,montréal-nord,sportif
2998,042-0064,jeux d'eau,côte-des-neiges-notre-dame-de-grâce,récréatif
2999,003-0491,aire de jeu 18 mois à 5 ans,anjou,aire de jeu - enfant
3000,003-0050,aire de jeu 18 mois à 5 ans,le plateau-mont-royal,aire de jeu - enfant
3001,056-0011,piste cyclable,pierrefonds-roxboro,plein air
3002,057-0002,piste d'athlétisme (200m) et équipements,outremont,sportif
3003,075-0029,soccer à 4-5,pierrefonds-roxboro,sportif
3004,052-0032,patinoire avec bandes,lachine,récréatif
3005,075-0035,soccer à 4-5,pierrefonds-roxboro,sportif
3006,002-0013,aire de glissade,rosemont-la petite-patrie,loisirs et détente
3007,063-0003,quai,lachine,plein air
3008,018-0054,basketball,villeray-saint-michel-parc-extension,récréatif
3009,004-0090,aire de jeu  5 à 12 ans,lachine,aire de jeu - enfant
3010,071-0027,sentier pédestre,lachine,plein air
3011,076-0012,soccer à 7,ahuntsic-cartierville,sportif
3012,012-0038,aire d'entraînement pour adultes,mercier-hochelaga-maisonneuve,loisirs et détente
3013,003-0357,aire de jeu 18 mois à 5 ans,le sud-ouest,aire de jeu - enfant
3014,016-0047,balle,rosemont-la petite-patrie,sportif
3015,074-0009,soccer / football,villeray-saint-michel-parc-extension,sportif
3016,003-0457,aire de jeu 18 mois à 5 ans,mercier-hochelaga-maisonneuve,aire de jeu - enfant
3017,049-0024,pastille - basketball,rivière-des-prairies-pointe-aux-trembles,récréatif
3018,009-0016,aire de pique-nique,pierrefonds-roxboro,plein air
3019,004-0060,aire de jeu  5 à 12 ans,ahuntsic-cartierville,aire de jeu - enfant
3020,073-0007,soccer à 11,saint-laurent,sportif
3021,004-0336,aire de jeu  5 à 12 ans,rivière-des-prairies-pointe-aux-trembles,aire de jeu - enfant
3022,052-0092,patinoire avec bandes,lasalle,récréatif
3023,003-0126,aire de jeu 18 mois à 5 ans,rosemont-la petite-patrie,aire de jeu - enfant
3024,050-0030,pataugeoire,rosemont-la petite-patrie,récréatif
3025,095-0076,pétanque,mercier-hochelaga-maisonneuve,loisirs et détente
3026,003-0241,aire de jeu 18 mois à 5 ans,pierrefonds-roxboro,aire de jeu - enfant
3027,003-0204,aire de jeu 18 mois à 5 ans,pierrefonds-roxboro,aire de jeu - enfant
3028,095-0050,pétanque,verdun,loisirs et détente
3029,069-0003,sentier de raquette,pierrefonds-roxboro,plein air
3030,074-0010,soccer / football,outremont,sportif
3031,052-0089,patinoire avec bandes,verdun,récréatif
3032,064-0015,rampe de mise à l'eau / descente de bateaux,rivière-des-prairies-pointe-aux-trembles,plein air
3033,042-0084,jeux d'eau,verdun,récréatif
3034,003-0022,aire de jeu 18 mois à 5 ans,saint-laurent,aire de jeu - enfant
3035,054-0017,ping-pong,saint-léonard,loisirs et détente
3036,071-0057,sentier pédestre,mercier-hochelaga-maisonneuve,plein air
3037,004-0384,aire de jeu  5 à 12 ans,montréal-nord,aire de jeu - enfant
3038,081-0066,tennis,lasalle,sportif
3039,053-0004,patinoire sans bandes,le plateau-mont-royal,récréatif
3040,003-0461,aire de jeu 18 mois à 5 ans,mercier-hochelaga-maisonneuve,aire de jeu - enfant
3041,049-0025,pastille - basketball,rivière-des-prairies-pointe-aux-trembles,récréatif
3042,073-0037,soccer à 11,outremont,sportif
3043,071-0050,sentier pédestre,lasalle,plein air
3044,001-0017,abri soleil,montréal-nord,plein air
3045,067-0007,scène,villeray-saint-michel-parc-extension,loisirs et détente
3046,050-0003,pataugeoire,saint-laurent,récréatif
3047,081-0075,tennis,rivière-des-prairies-pointe-aux-trembles,sportif
3048,073-0042,soccer à 11,pierrefonds-roxboro,sportif
3049,004-0004,aire de jeu  5 à 12 ans,saint-laurent,aire de jeu - enfant
3050,003-0449,aire de jeu 18 mois à 5 ans,mercier-hochelaga-maisonneuve,aire de jeu - enfant
3051,003-0206,aire de jeu 18 mois à 5 ans,pierrefonds-roxboro,aire de jeu - enfant
3052,073-0012,soccer à 11,ahuntsic-cartierville,sportif
3053,050-0051,pataugeoire,côte-des-neiges-notre-dame-de-grâce,récréatif
3054,042-0050,jeux d'eau,ville-marie,récréatif
3055,053-0014,patinoire sans bandes,ahuntsic-cartierville,récréatif
3056,050-0074,pataugeoire,montréal-nord,récréatif
3057,018-0001,basketball,saint-laurent,récréatif
3058,076-0010,soccer à 7,le plateau-mont-royal,sportif
3059,004-0440,aire de jeu  5 à 12 ans,anjou,aire de jeu - enfant
3060,021-0035,bocce,rivière-des-prairies-pointe-aux-trembles,loisirs et détente
3061,004-0239,aire de jeu  5 à 12 ans,côte-des-neiges-notre-dame-de-grâce,aire de jeu - enfant
3062,003-0114,aire de jeu 18 mois à 5 ans,rosemont-la petite-patrie,aire de jeu - enfant
3063,016-0151,balle,anjou,sportif
3064,004-0398,aire de jeu  5 à 12 ans,mercier-hochelaga-maisonneuve,aire de jeu - enfant
3065,055-0076,piscine extérieure,saint-léonard,récréatif
3066,081-0085,tennis,montréal-nord,sportif
3067,004-0449,aire de jeu  5 à 12 ans,saint-léonard,aire de jeu - enfant
3068,052-0110,patinoire avec bandes,rivière-des-prairies-pointe-aux-trembles,récréatif
3069,042-0030,jeux d'eau,ahuntsic-cartierville,récréatif
3070,004-0014,aire de jeu  5 à 12 ans,saint-laurent,aire de jeu - enfant
3071,081-0006,tennis,saint-laurent,sportif
3072,076-0121,soccer à 7,montréal-nord,sportif
3073,081-0091,tennis,anjou,sportif
3074,005-0016,aire de jeu combiné,pierrefonds-roxboro,aire de jeu - enfant
3075,055-0022,piscine extérieure,villeray-saint-michel-parc-extension,récréatif
3076,055-0036,piscine extérieure,l'île-bizard-sainte-geneviève,récréatif
3077,089-0016,volleyball de plage,ahuntsic-cartierville,récréatif
3078,004-0402,aire de jeu  5 à 12 ans,mercier-hochelaga-maisonneuve,aire de jeu - enfant
3079,004-0209,aire de jeu  5 à 12 ans,pierrefonds-roxboro,aire de jeu - enfant
3080,004-0243,aire de jeu  5 à 12 ans,côte-des-neiges-notre-dame-de-grâce,aire de jeu - enfant
3081,042-0049,jeux d'eau,ville-marie,récréatif
3082,072-0015,anneau / rond de glace,lachine,loisirs et détente
3083,065-0010,patinoire 4 saisons,l'île-bizard-sainte-geneviève,récréatif
3084,003-0444,aire de jeu 18 mois à 5 ans,montréal-nord,aire de jeu - enfant
3085,009-0006,aire de pique-nique,saint-laurent,plein air
3086,004-0300,aire de jeu  5 à 12 ans,lasalle,aire de jeu - enfant
3087,071-0024,sentier pédestre,lachine,plein air
3088,072-0013,anneau / rond de glace,saint-laurent,loisirs et détente
3089,076-0032,soccer à 7,rosemont-la petite-patrie,sportif
3090,003-0243,aire de jeu 18 mois à 5 ans,pierrefonds-roxboro,aire de jeu - enfant
3091,050-0028,pataugeoire,rosemont-la petite-patrie,récréatif
3092,073-0064-76-s2,soccer sous-terrain à 7,verdun,sportif
3093,005-0041,aire de jeu combiné,saint-laurent,aire de jeu - enfant
3094,003-0100,aire de jeu 18 mois à 5 ans,lachine,aire de jeu - enfant
3095,016-0132,balle,mercier-hochelaga-maisonneuve,sportif
3096,003-0397,aire de jeu 18 mois à 5 ans,rivière-des-prairies-pointe-aux-trembles,aire de jeu - enfant
3097,004-0270,aire de jeu  5 à 12 ans,verdun,aire de jeu - enfant
3098,037-0001,grève / plage,ville-marie,plein air
3099,003-0048,aire de jeu 18 mois à 5 ans,le plateau-mont-royal,aire de jeu - enfant
3100,050-0053,pataugeoire,côte-des-neiges-notre-dame-de-grâce,récréatif
3101,004-0162,aire de jeu  5 à 12 ans,ville-marie,aire de jeu - enfant
3102,010-0028,aire de planche à roulette,mercier-hochelaga-maisonneuve,récréatif
3103,042-0017,jeux d'eau,le plateau-mont-royal,récréatif
3104,003-0249,aire de jeu 18 mois à 5 ans,l'île-bizard-sainte-geneviève,aire de jeu - enfant
3105,005-0008,aire de jeu combiné,villeray-saint-michel-parc-extension,aire de jeu - enfant
3106,073-0013,soccer à 11,ahuntsic-cartierville,sportif
3107,055-0005,piscine extérieure,saint-laurent,récréatif
3108,095-0064,pétanque,rivière-des-prairies-pointe-aux-trembles,loisirs et détente
3109,055-0040,piscine extérieure,verdun,récréatif
3110,018-0093,basketball,lasalle,récréatif
3111,003-0166,aire de jeu 18 mois à 5 ans,villeray-saint-michel-parc-extension,aire de jeu - enfant
3112,076-0002,soccer à 7,saint-laurent,sportif
3113,004-0202,aire de jeu  5 à 12 ans,pierrefonds-roxboro,aire de jeu - enfant
3114,032-0005,fer / galet,lachine,loisirs et détente
3115,003-0232,aire de jeu 18 mois à 5 ans,pierrefonds-roxboro,aire de jeu - enfant
3116,089-0028,volleyball de plage,lachine,récréatif
3117,055-0059,piscine extérieure,rivière-des-prairies-pointe-aux-trembles,récréatif
3118,055-0011,piscine extérieure,ahuntsic-cartierville,récréatif
3119,092-0001,serre municipale,verdun,loisirs et détente
3120,003-0069,aire de jeu 18 mois à 5 ans,ahuntsic-cartierville,aire de jeu - enfant
3121,070-0014,sentier de ski de fond,rosemont-la petite-patrie,plein air
3122,020-0010,belvédère,ahuntsic-cartierville,loisirs et détente
3123,004-0306,aire de jeu  5 à 12 ans,lasalle,aire de jeu - enfant
3124,069-0002,sentier de raquette,pierrefonds-roxboro,plein air
3125,042-0011,jeux d'eau,saint-laurent,récréatif
3126,076-0102,soccer à 7,rivière-des-prairies-pointe-aux-trembles,sportif
3127,065-0014,patinoire 4 saisons,le sud-ouest,récréatif
3128,055-0075,piscine extérieure,saint-léonard,récréatif
3129,018-0053,basketball,villeray-saint-michel-parc-extension,récréatif
3130,056-0002,piste cyclable,saint-laurent,plein air
3131,042-0065,jeux d'eau,côte-des-neiges-notre-dame-de-grâce,récréatif
3132,004-0222,aire de jeu  5 à 12 ans,pierrefonds-roxboro,aire de jeu - enfant
3133,074-0027,soccer / football,mercier-hochelaga-maisonneuve,sportif
3134,042-0072,jeux d'eau,verdun,récréatif
3135,050-0010,pataugeoire,le plateau-mont-royal,récréatif
3136,050-0060,pataugeoire,le sud-ouest,récréatif
3137,005-0012,aire de jeu combiné,villeray-saint-michel-parc-extension,aire de jeu - enfant
3138,052-0120,patinoire avec bandes,mercier-hochelaga-maisonneuve,récréatif
3139,016-0048,balle,rosemont-la petite-patrie,sportif
3140,071-0047,sentier pédestre,verdun,plein air
3141,001-0013,abri soleil,lasalle,plein air
3142,052-0132,patinoire avec bandes,saint-léonard,récréatif
3143,003-0451,aire de jeu 18 mois à 5 ans,mercier-hochelaga-maisonneuve,aire de jeu - enfant
3144,075-0001,soccer à 4-5,saint-laurent,sportif
3145,070-0022,sentier de ski de fond,pierrefonds-roxboro,plein air
3146,050-0049,pataugeoire,côte-des-neiges-notre-dame-de-grâce,récréatif
3147,004-0358,aire de jeu  5 à 12 ans,rivière-des-prairies-pointe-aux-trembles,aire de jeu - enfant
3148,058-0007,piste d'athlétisme (400m) et équipements,pierrefonds-roxboro,sportif
3149,042-0018,jeux d'eau,le plateau-mont-royal,récréatif
3150,003-0104,aire de jeu 18 mois à 5 ans,lachine,aire de jeu - enfant
3151,071-0035,sentier pédestre,ville-marie,plein air
3152,004-0003,aire de jeu  5 à 12 ans,saint-laurent,aire de jeu - enfant
3153,004-0241,aire de jeu  5 à 12 ans,côte-des-neiges-notre-dame-de-grâce,aire de jeu - enfant
3154,004-0235,aire de jeu  5 à 12 ans,côte-des-neiges-notre-dame-de-grâce,aire de jeu - enfant
3155,004-0164,aire de jeu  5 à 12 ans,ville-marie,aire de jeu - enfant
3156,003-0129,aire de jeu 18 mois à 5 ans,rosemont-la petite-patrie,aire de jeu - enfant
3157,075-0009,soccer à 4-5,ahuntsic-cartierville,sportif
3158,042-0105,jeux d'eau,le sud-ouest,récréatif
3159,071-0023,sentier pédestre,lachine,plein air
3160,016-0097,balle,verdun,sportif
3161,003-0111,aire de jeu 18 mois à 5 ans,lachine,aire de jeu - enfant
3162,053-0020,patinoire sans bandes,lachine,récréatif
3163,095-0061,pétanque,rivière-des-prairies-pointe-aux-trembles,loisirs et détente
3164,018-0070,basketball,pierrefonds-roxboro,récréatif
3165,018-0027,basketball,lachine,récréatif
3166,055-0029,piscine extérieure,ville-marie,récréatif
3167,003-0183,aire de jeu 18 mois à 5 ans,ville-marie,aire de jeu - enfant
3168,003-0086,aire de jeu 18 mois à 5 ans,ahuntsic-cartierville,aire de jeu - enfant
3169,012-0059,aire d'entraînement pour adultes,rosemont-la petite-patrie,loisirs et détente
3170,072-0030,anneau / rond de glace,anjou,loisirs et détente
3171,055-0003,piscine extérieure,saint-laurent,récréatif
3172,095-0010,pétanque,le plateau-mont-royal,loisirs et détente
3173,003-0415,aire de jeu 18 mois à 5 ans,rivière-des-prairies-pointe-aux-trembles,aire de jeu - enfant
3174,021-0013,bocce,rosemont-la petite-patrie,loisirs et détente
3175,089-0029,volleyball de plage,lachine,récréatif
3176,074-0028,soccer / football,saint-léonard,sportif
3177,081-0068,tennis,lasalle,sportif
3178,003-0378,aire de jeu 18 mois à 5 ans,rivière-des-prairies-pointe-aux-trembles,aire de jeu - enfant
3179,004-0119,aire de jeu  5 à 12 ans,rosemont-la petite-patrie,aire de jeu - enfant
3180,081-0032,tennis,outremont,sportif
3181,003-0057,aire de jeu 18 mois à 5 ans,le plateau-mont-royal,aire de jeu - enfant
3182,013-0004,aire d'exercice canin,saint-laurent,loisirs et détente
3183,073-0072,soccer à 11,le sud-ouest,sportif
3184,042-0135,jeux d'eau,anjou,récréatif
3185,013-0030,aire d'exercice canin,lasalle,loisirs et détente
3186,003-0228,aire de jeu 18 mois à 5 ans,pierrefonds-roxboro,aire de jeu - enfant
3187,004-0089,aire de jeu  5 à 12 ans,lachine,aire de jeu - enfant
3188,013-0020,aire d'exercice canin,ville-marie,loisirs et détente
3189,089-0032,volleyball de plage,rosemont-la petite-patrie,récréatif
3190,052-0095,patinoire avec bandes,le sud-ouest,récréatif
3191,004-0219,aire de jeu  5 à 12 ans,pierrefonds-roxboro,aire de jeu - enfant
3192,004-0292,aire de jeu  5 à 12 ans,lasalle,aire de jeu - enfant
3193,071-0017,sentier pédestre,lachine,plein air
3194,003-0289,aire de jeu 18 mois à 5 ans,côte-des-neiges-notre-dame-de-grâce,aire de jeu - enfant
3195,095-0012,pétanque,ahuntsic-cartierville,loisirs et détente
3196,018-0089,basketball,verdun,récréatif
3197,009-0054,aire de pique-nique,mercier-hochelaga-maisonneuve,plein air
3198,070-0006,sentier de ski de fond,lachine,plein air
3199,003-0387,aire de jeu 18 mois à 5 ans,rivière-des-prairies-pointe-aux-trembles,aire de jeu - enfant
3200,071-0032,sentier pédestre,rosemont-la petite-patrie,plein air
3201,076-0006,soccer à 7,le plateau-mont-royal,sportif
3202,076-0044,soccer à 7,ville-marie,sportif
3203,004-0387,aire de jeu  5 à 12 ans,montréal-nord,aire de jeu - enfant
3204,018-0026,basketball,lachine,récréatif
3205,053-0022,patinoire sans bandes,rosemont-la petite-patrie,récréatif
3206,016-0084,balle,l'île-bizard-sainte-geneviève,sportif
3207,004-0061,aire de jeu  5 à 12 ans,ahuntsic-cartierville,aire de jeu - enfant
3208,055-0001,piscine extérieure,saint-laurent,récréatif
3209,003-0334,aire de jeu 18 mois à 5 ans,lasalle,aire de jeu - enfant
3210,067-0017,scène,lachine,loisirs et détente
3211,058-0004,piste d'athlétisme (400m) et équipements,lachine,sportif
3212,004-0304,aire de jeu  5 à 12 ans,lasalle,aire de jeu - enfant
3213,004-0390,aire de jeu  5 à 12 ans,montréal-nord,aire de jeu - enfant
3214,095-0063,pétanque,rivière-des-prairies-pointe-aux-trembles,loisirs et détente
3215,095-0084,pétanque,mercier-hochelaga-maisonneuve,loisirs et détente
3216,012-0039,aire d'entraînement pour adultes,saint-léonard,loisirs et détente
3217,042-0057,jeux d'eau,pierrefonds-roxboro,récréatif
3218,003-0478,aire de jeu 18 mois à 5 ans,mercier-hochelaga-maisonneuve,aire de jeu - enfant
3219,089-0040,volleyball de plage,verdun,récréatif
3220,013-0038,aire d'exercice canin,rivière-des-prairies-pointe-aux-trembles,loisirs et détente
3221,016-0121,balle,rivière-des-prairies-pointe-aux-trembles,sportif
3222,018-0074,basketball,l'île-bizard-sainte-geneviève,récréatif
3223,076-0035,soccer à 7,rosemont-la petite-patrie,sportif
3224,076-0142,soccer à 7,anjou,sportif
3225,004-0265,aire de jeu  5 à 12 ans,verdun,aire de jeu - enfant
3226,004-0079,aire de jeu  5 à 12 ans,ahuntsic-cartierville,aire de jeu - enfant
3227,095-0005,pétanque,saint-laurent,loisirs et détente
3228,053-0015,patinoire sans bandes,ahuntsic-cartierville,récréatif
3229,003-0031,aire de jeu 18 mois à 5 ans,saint-laurent,aire de jeu - enfant
3230,003-0435,aire de jeu 18 mois à 5 ans,montréal-nord,aire de jeu - enfant
3231,012-0028,aire d'entraînement pour adultes,montréal-nord,loisirs et détente
3232,073-0016,soccer à 11,ahuntsic-cartierville,sportif
3233,003-0168,aire de jeu 18 mois à 5 ans,villeray-saint-michel-parc-extension,aire de jeu - enfant
3234,004-0381,aire de jeu  5 à 12 ans,montréal-nord,aire de jeu - enfant
3235,063-0001,quai,lachine,plein air
3236,052-0013,patinoire avec bandes,le plateau-mont-royal,récréatif
3237,074-0026,soccer / football,rivière-des-prairies-pointe-aux-trembles,sportif
3238,055-0044,piscine extérieure,lasalle,récréatif
3239,073-0061,soccer à 11,côte-des-neiges-notre-dame-de-grâce,sportif
3240,075-0065,soccer à 4-5,mercier-hochelaga-maisonneuve,sportif
3241,081-0024,tennis,rosemont-la petite-patrie,sportif
3242,003-0223,aire de jeu 18 mois à 5 ans,pierrefonds-roxboro,aire de jeu - enfant
3243,003-0141,aire de jeu 18 mois à 5 ans,rosemont-la petite-patrie,aire de jeu - enfant
3244,071-0003,sentier pédestre,saint-laurent,plein air
3245,081-0086,tennis,mercier-hochelaga-maisonneuve,sportif
3246,004-0236,aire de jeu  5 à 12 ans,côte-des-neiges-notre-dame-de-grâce,aire de jeu - enfant
3247,016-0042,balle,lachine,sportif
3248,016-0154,balle,anjou,sportif
3249,003-0303,aire de jeu 18 mois à 5 ans,verdun,aire de jeu - enfant
3250,089-0034,volleyball de plage,villeray-saint-michel-parc-extension,récréatif
3251,004-0115,aire de jeu  5 à 12 ans,rosemont-la petite-patrie,aire de jeu - enfant
3252,049-0005,pastille - basketball,ahuntsic-cartierville,récréatif
3253,020-0014,belvédère,verdun,loisirs et détente
3254,002-0006,aire de glissade,saint-laurent,loisirs et détente
3255,053-0001,patinoire sans bandes,saint-laurent,récréatif
3256,015-0001,badminton,le plateau-mont-royal,loisirs et détente
3257,004-0015,aire de jeu  5 à 12 ans,saint-laurent,aire de jeu - enfant
3258,016-0098,balle,verdun,sportif
3259,073-0049,soccer à 11,pierrefonds-roxboro,sportif
3260,077-0003,soccer à 9,saint-léonard,sportif
3261,095-0015,pétanque,ahuntsic-cartierville,loisirs et détente
3262,003-0238,aire de jeu 18 mois à 5 ans,pierrefonds-roxboro,aire de jeu - enfant
3263,075-0051,soccer à 4-5,côte-des-neiges-notre-dame-de-grâce,sportif
3264,004-0033,aire de jeu  5 à 12 ans,le plateau-mont-royal,aire de jeu - enfant
3265,016-0006,balle,saint-laurent,sportif
3266,003-0033,aire de jeu 18 mois à 5 ans,saint-laurent,aire de jeu - enfant
3267,016-0139,balle,mercier-hochelaga-maisonneuve,sportif
3268,054-0021,ping-pong,rosemont-la petite-patrie,loisirs et détente
3269,081-0020,tennis,lachine,sportif
3270,003-0072,aire de jeu 18 mois à 5 ans,ahuntsic-cartierville,aire de jeu - enfant
3271,058-0003,piste d'athlétisme (400m) et équipements,ahuntsic-cartierville,sportif
3272,072-0008,anneau / rond de glace,saint-laurent,loisirs et détente
3273,003-0174,aire de jeu 18 mois à 5 ans,outremont,aire de jeu - enfant
3274,076-0152,soccer à 7,saint-léonard,sportif
3275,049-0009,pastille - basketball,rosemont-la petite-patrie,récréatif
3276,075-0072,soccer à 4-5,saint-léonard,sportif
3277,081-0039,tennis,pierrefonds-roxboro,sportif
3278,073-0017,soccer à 11,ahuntsic-cartierville,sportif
3279,052-0111,patinoire avec bandes,montréal-nord,récréatif
3280,012-0016,aire d'entraînement pour adultes,côte-des-neiges-notre-dame-de-grâce,loisirs et détente
3281,020-0005,belvédère,ville-marie,loisirs et détente
3282,003-0442,aire de jeu 18 mois à 5 ans,montréal-nord,aire de jeu - enfant
3283,010-0009,aire de planche à roulette,rosemont-la petite-patrie,récréatif
3284,020-0016,belvédère,verdun,loisirs et détente
3285,003-0139,aire de jeu 18 mois à 5 ans,rosemont-la petite-patrie,aire de jeu - enfant
3286,016-0032,balle,ahuntsic-cartierville,sportif
3287,004-0240,aire de jeu  5 à 12 ans,côte-des-neiges-notre-dame-de-grâce,aire de jeu - enfant
3288,095-0090,pétanque,mercier-hochelaga-maisonneuve,loisirs et détente
3289,021-0039,bocce,rivière-des-prairies-pointe-aux-trembles,loisirs et détente
3290,004-0049,aire de jeu  5 à 12 ans,le plateau-mont-royal,aire de jeu - enfant
3291,052-0079,patinoire avec bandes,côte-des-neiges-notre-dame-de-grâce,récréatif
3292,018-0109,basketball,rivière-des-prairies-pointe-aux-trembles,récréatif
3293,018-0128,basketball,mercier-hochelaga-maisonneuve,récréatif
3294,002-0015,aire de glissade,rosemont-la petite-patrie,loisirs et détente
3295,051-0007,patinoire réfrigérée,ville-marie,récréatif
3296,042-0027,jeux d'eau,ahuntsic-cartierville,récréatif
3297,024-0001,canöe / kayak,pierrefonds-roxboro,plein air
3298,003-0464,aire de jeu 18 mois à 5 ans,mercier-hochelaga-maisonneuve,aire de jeu - enfant
3299,003-0087,aire de jeu 18 mois à 5 ans,ahuntsic-cartierville,aire de jeu - enfant
3300,042-0045,jeux d'eau,villeray-saint-michel-parc-extension,récréatif
3301,081-0074,tennis,le sud-ouest,sportif
3302,010-0007,aire de planche à roulette,lachine,récréatif
3303,075-0002,soccer à 4-5,saint-laurent,sportif
3304,054-0014,ping-pong,mercier-hochelaga-maisonneuve,loisirs et détente
3305,071-0004,sentier pédestre,saint-laurent,plein air
3306,018-0119,basketball,montréal-nord,récréatif
3307,004-0194,aire de jeu  5 à 12 ans,pierrefonds-roxboro,aire de jeu - enfant
3308,016-0043,balle,lachine,sportif
3309,003-0479,aire de jeu 18 mois à 5 ans,mercier-hochelaga-maisonneuve,aire de jeu - enfant
3310,003-0263,aire de jeu 18 mois à 5 ans,l'île-bizard-sainte-geneviève,aire de jeu - enfant
3311,054-0001,ping-pong,le plateau-mont-royal,loisirs et détente
3312,002-0031,aire de glissade,mercier-hochelaga-maisonneuve,loisirs et détente
3313,034-0008,football,verdun,sportif
3314,073-0036,soccer à 11,villeray-saint-michel-parc-extension,sportif
3315,089-0054,volleyball de plage,mercier-hochelaga-maisonneuve,récréatif
3316,004-0262,aire de jeu  5 à 12 ans,verdun,aire de jeu - enfant
3317,052-0081,patinoire avec bandes,côte-des-neiges-notre-dame-de-grâce,récréatif
3318,004-0392,aire de jeu  5 à 12 ans,montréal-nord,aire de jeu - enfant
3319,095-0046,pétanque,l'île-bizard-sainte-geneviève,loisirs et détente
3320,042-0056,jeux d'eau,pierrefonds-roxboro,récréatif
3321,053-0077,patinoire sans bandes,rivière-des-prairies-pointe-aux-trembles,récréatif
3322,031-0012,étang / lac,ville-marie,plein air
3323,042-0141,jeux d'eau,saint-léonard,récréatif
3324,004-0256,aire de jeu  5 à 12 ans,verdun,aire de jeu - enfant
3325,004-0255,aire de jeu  5 à 12 ans,verdun,aire de jeu - enfant
3326,076-0155,soccer à 7,saint-léonard,sportif
3327,003-0246,aire de jeu 18 mois à 5 ans,pierrefonds-roxboro,aire de jeu - enfant
3328,076-0070,soccer à 7,côte-des-neiges-notre-dame-de-grâce,sportif
3329,018-0063,basketball,ville-marie,récréatif
3330,053-0007,patinoire sans bandes,ahuntsic-cartierville,récréatif
3331,004-0028,aire de jeu  5 à 12 ans,saint-laurent,aire de jeu - enfant
3332,012-0047,aire d'entraînement pour adultes,ville-marie,loisirs et détente
3333,003-0267,aire de jeu 18 mois à 5 ans,côte-des-neiges-notre-dame-de-grâce,aire de jeu - enfant
3334,055-0004,piscine extérieure,saint-laurent,récréatif
3335,018-0116,basketball,montréal-nord,récréatif
3336,003-0454,aire de jeu 18 mois à 5 ans,mercier-hochelaga-maisonneuve,aire de jeu - enfant
3337,050-0045,pataugeoire,ville-marie,récréatif
3338,073-0023,soccer à 11,lachine,sportif
3339,003-0116,aire de jeu 18 mois à 5 ans,rosemont-la petite-patrie,aire de jeu - enfant
3340,055-0063,piscine extérieure,montréal-nord,récréatif
3341,004-0274,aire de jeu  5 à 12 ans,verdun,aire de jeu - enfant
3342,089-0043,volleyball de plage,le sud-ouest,récréatif
3343,004-0137,aire de jeu  5 à 12 ans,villeray-saint-michel-parc-extension,aire de jeu - enfant
3344,004-0080,aire de jeu  5 à 12 ans,ahuntsic-cartierville,aire de jeu - enfant
3345,003-0488,aire de jeu 18 mois à 5 ans,anjou,aire de jeu - enfant
3346,050-0086,pataugeoire,mercier-hochelaga-maisonneuve,récréatif
3347,003-0103,aire de jeu 18 mois à 5 ans,lachine,aire de jeu - enfant
3348,073-0106,soccer à 11,saint-léonard,sportif
3349,003-0301,aire de jeu 18 mois à 5 ans,verdun,aire de jeu - enfant
3350,075-0033,soccer à 4-5,pierrefonds-roxboro,sportif
3351,004-0062,aire de jeu  5 à 12 ans,ahuntsic-cartierville,aire de jeu - enfant
3352,052-0064,patinoire avec bandes,pierrefonds-roxboro,récréatif
3353,013-0049,aire d'exercice canin,rosemont-la petite-patrie,loisirs et détente
3354,003-0402,aire de jeu 18 mois à 5 ans,rivière-des-prairies-pointe-aux-trembles,aire de jeu - enfant
3355,016-0019,balle,ahuntsic-cartierville,sportif
3356,048-0013,palet,ahuntsic-cartierville,loisirs et détente
3357,012-0008,aire d'entraînement pour adultes,ahuntsic-cartierville,loisirs et détente
3358,016-0101,balle,lasalle,sportif
3359,004-0152,aire de jeu  5 à 12 ans,outremont,aire de jeu - enfant
3360,062-0006,plancher de danse,lasalle,loisirs et détente
3361,073-0040,soccer à 11,pierrefonds-roxboro,sportif
3362,095-0091,pétanque,anjou,loisirs et détente
3363,050-0090,pataugeoire,anjou,récréatif
3364,052-0004,patinoire avec bandes,saint-laurent,récréatif
3365,003-0460,aire de jeu 18 mois à 5 ans,mercier-hochelaga-maisonneuve,aire de jeu - enfant
3366,052-0087,patinoire avec bandes,verdun,récréatif
3367,020-0019,belvédère,lasalle,loisirs et détente
3368,004-0120,aire de jeu  5 à 12 ans,rosemont-la petite-patrie,aire de jeu - enfant
3369,058-0013,piste d'athlétisme (400m) et équipements,lasalle,sportif
3370,095-0030,pétanque,rosemont-la petite-patrie,loisirs et détente
3371,081-0009,tennis,saint-laurent,sportif
3372,018-0037,basketball,rosemont-la petite-patrie,récréatif
3373,052-0084,patinoire avec bandes,côte-des-neiges-notre-dame-de-grâce,récréatif
3374,018-0017,basketball,le plateau-mont-royal,récréatif
3375,050-0089,pataugeoire,mercier-hochelaga-maisonneuve,récréatif
3376,021-0019,bocce,villeray-saint-michel-parc-extension,loisirs et détente
3377,009-0011,aire de pique-nique,le plateau-mont-royal,plein air
3378,091-0001,soccer / lacrosse,côte-des-neiges-notre-dame-de-grâce,sportif
3379,076-0077,soccer à 7,verdun,sportif
3380,053-0039,patinoire sans bandes,outremont,récréatif
3381,003-0485,aire de jeu 18 mois à 5 ans,anjou,aire de jeu - enfant
3382,071-0020,sentier pédestre,lachine,plein air
3383,021-0022,bocce,villeray-saint-michel-parc-extension,loisirs et détente
3384,004-0238,aire de jeu  5 à 12 ans,côte-des-neiges-notre-dame-de-grâce,aire de jeu - enfant
3385,021-0027,bocce,côte-des-neiges-notre-dame-de-grâce,loisirs et détente
3386,050-0072,pataugeoire,montréal-nord,récréatif
3387,050-0036,pataugeoire,villeray-saint-michel-parc-extension,récréatif
3388,054-0016,ping-pong,le sud-ouest,loisirs et détente
3389,003-0256,aire de jeu 18 mois à 5 ans,l'île-bizard-sainte-geneviève,aire de jeu - enfant
3390,003-0448,aire de jeu 18 mois à 5 ans,mercier-hochelaga-maisonneuve,aire de jeu - enfant
3391,081-0041,tennis,pierrefonds-roxboro,sportif
3392,004-0301,aire de jeu  5 à 12 ans,lasalle,aire de jeu - enfant
3393,003-0160,aire de jeu 18 mois à 5 ans,villeray-saint-michel-parc-extension,aire de jeu - enfant
3394,004-0379,aire de jeu  5 à 12 ans,montréal-nord,aire de jeu - enfant
3395,003-0222,aire de jeu 18 mois à 5 ans,pierrefonds-roxboro,aire de jeu - enfant
3396,003-0342,aire de jeu 18 mois à 5 ans,lasalle,aire de jeu - enfant
3397,004-0052,aire de jeu  5 à 12 ans,le plateau-mont-royal,aire de jeu - enfant
3398,089-0042,volleyball de plage,lasalle,récréatif
3399,050-0002,pataugeoire,saint-laurent,récréatif
3400,049-0016,pastille - basketball,côte-des-neiges-notre-dame-de-grâce,récréatif
3401,003-0430,aire de jeu 18 mois à 5 ans,montréal-nord,aire de jeu - enfant
3402,016-0125,balle,rivière-des-prairies-pointe-aux-trembles,sportif
3403,018-0104,basketball,le sud-ouest,récréatif
3404,052-0020,patinoire avec bandes,le plateau-mont-royal,récréatif
3405,050-0046,pataugeoire,pierrefonds-roxboro,récréatif
3406,013-0017,aire d'exercice canin,villeray-saint-michel-parc-extension,loisirs et détente
3407,004-0081,aire de jeu  5 à 12 ans,ahuntsic-cartierville,aire de jeu - enfant
3408,002-0022,aire de glissade,pierrefonds-roxboro,loisirs et détente
3409,004-0254,aire de jeu  5 à 12 ans,verdun,aire de jeu - enfant
3410,081-0061,tennis,lasalle,sportif
3411,004-0453,aire de jeu  5 à 12 ans,rosemont-la petite-patrie,aire de jeu - enfant
3412,052-0116,patinoire avec bandes,mercier-hochelaga-maisonneuve,récréatif
3413,069-0011,sentier de raquette,ahuntsic-cartierville,plein air
3414,016-0045,balle,rosemont-la petite-patrie,sportif
3415,002-0033,aire de glissade,saint-léonard,loisirs et détente
3416,036-0005,golf,l'île-bizard-sainte-geneviève,sportif
3417,032-0013,fer / galet,rivière-des-prairies-pointe-aux-trembles,loisirs et détente
3418,034-0005,football,pierrefonds-roxboro,sportif
3419,042-0122,jeux d'eau,mercier-hochelaga-maisonneuve,récréatif
3420,003-0343,aire de jeu 18 mois à 5 ans,lasalle,aire de jeu - enfant
3421,042-0117,jeux d'eau,rivière-des-prairies-pointe-aux-trembles,récréatif
3422,004-0204,aire de jeu  5 à 12 ans,pierrefonds-roxboro,aire de jeu - enfant
3423,029-0001,disque-golf,le sud-ouest,récréatif
3424,074-0003,soccer / football,le plateau-mont-royal,sportif
3425,071-0060,sentier pédestre,mercier-hochelaga-maisonneuve,plein air
3426,064-0002,rampe de mise à l'eau / descente de bateaux,lachine,plein air
3427,003-0421,aire de jeu 18 mois à 5 ans,rivière-des-prairies-pointe-aux-trembles,aire de jeu - enfant
3428,021-0032,bocce,lasalle,loisirs et détente
3429,076-0086,soccer à 7,lasalle,sportif
3430,003-0149,aire de jeu 18 mois à 5 ans,villeray-saint-michel-parc-extension,aire de jeu - enfant
3431,018-0142,basketball,le sud-ouest,récréatif
3432,003-0341,aire de jeu 18 mois à 5 ans,lasalle,aire de jeu - enfant
3433,003-0011,aire de jeu 18 mois à 5 ans,saint-laurent,aire de jeu - enfant
3434,004-0439,aire de jeu  5 à 12 ans,anjou,aire de jeu - enfant
3435,004-0434,aire de jeu  5 à 12 ans,anjou,aire de jeu - enfant
3436,054-0011,ping-pong,côte-des-neiges-notre-dame-de-grâce,loisirs et détente
3437,021-0025,bocce,l'île-bizard-sainte-geneviève,loisirs et détente
3438,003-0384,aire de jeu 18 mois à 5 ans,rivière-des-prairies-pointe-aux-trembles,aire de jeu - enfant
3439,004-0364,aire de jeu  5 à 12 ans,rivière-des-prairies-pointe-aux-trembles,aire de jeu - enfant
3440,003-0036,aire de jeu 18 mois à 5 ans,saint-laurent,aire de jeu - enfant
3441,081-0035,tennis,ville-marie,sportif
3442,052-0072,patinoire avec bandes,l'île-bizard-sainte-geneviève,récréatif
3443,050-0050,pataugeoire,côte-des-neiges-notre-dame-de-grâce,récréatif
3444,004-0415,aire de jeu  5 à 12 ans,mercier-hochelaga-maisonneuve,aire de jeu - enfant
3445,004-0105,aire de jeu  5 à 12 ans,rosemont-la petite-patrie,aire de jeu - enfant
3446,004-0078,aire de jeu  5 à 12 ans,ahuntsic-cartierville,aire de jeu - enfant
3447,004-0414,aire de jeu  5 à 12 ans,mercier-hochelaga-maisonneuve,aire de jeu - enfant
3448,002-0025,aire de glissade,le sud-ouest,loisirs et détente
3449,042-0028,jeux d'eau,ahuntsic-cartierville,récréatif
3450,073-0001,soccer à 11,saint-laurent,sportif
3451,018-0038,basketball,rosemont-la petite-patrie,récréatif
3452,021-0003,bocce,montréal-nord,loisirs et détente
3453,003-0007,aire de jeu 18 mois à 5 ans,saint-laurent,aire de jeu - enfant
3454,095-0044,pétanque,pierrefonds-roxboro,loisirs et détente
3455,004-0342,aire de jeu  5 à 12 ans,rivière-des-prairies-pointe-aux-trembles,aire de jeu - enfant
3456,004-0139,aire de jeu  5 à 12 ans,villeray-saint-michel-parc-extension,aire de jeu - enfant
3457,016-0063,balle,villeray-saint-michel-parc-extension,sportif
3458,004-0142,aire de jeu  5 à 12 ans,villeray-saint-michel-parc-extension,aire de jeu - enfant
3459,081-0016,tennis,ahuntsic-cartierville,sportif
3460,018-0042,basketball,villeray-saint-michel-parc-extension,récréatif
3461,042-0025,jeux d'eau,ahuntsic-cartierville,récréatif
3462,095-0020,pétanque,ahuntsic-cartierville,loisirs et détente
3463,004-0123,aire de jeu  5 à 12 ans,rosemont-la petite-patrie,aire de jeu - enfant
3464,075-0021,soccer à 4-5,rosemont-la petite-patrie,sportif
3465,081-0087,tennis,mercier-hochelaga-maisonneuve,sportif
3466,016-0081,balle,pierrefonds-roxboro,sportif
3467,013-0046,aire d'exercice canin,rosemont-la petite-patrie,loisirs et détente
3468,081-0012,tennis,ahuntsic-cartierville,sportif
3469,003-0029,aire de jeu 18 mois à 5 ans,saint-laurent,aire de jeu - enfant
3470,009-0001,aire de pique-nique,saint-laurent,plein air
3471,003-0443,aire de jeu 18 mois à 5 ans,montréal-nord,aire de jeu - enfant
3472,004-0036,aire de jeu  5 à 12 ans,le plateau-mont-royal,aire de jeu - enfant
3473,004-0072,aire de jeu  5 à 12 ans,ahuntsic-cartierville,aire de jeu - enfant
3474,018-0012,basketball,saint-laurent,récréatif
3475,021-0015,bocce,villeray-saint-michel-parc-extension,loisirs et détente
3476,004-0086,aire de jeu  5 à 12 ans,lachine,aire de jeu - enfant
